nom,lat_coor1,x,long_coor1,y,adr_num,adr_voie,com_cp,com_insee,com_nom,acc,acc_lib,acc_pcsec,acc_acc,acc_etg,acc_complt,photo1,photo2,disp_j,disp_h,disp_compl,tel1,tel2,site_email,date_insta,etat_fonct,fab_siren,fab_rais,mnt_siren,mnt_rais,modele,num_serie,id_euro,lc_ped,dtpr_lcped,dtpr_lcad,dtpr_bat,freq_mnt,dispsurv,dermnt,expt_siren,expt_rais,expt_tel1,expt_tel2,expt_email,ref,id,appartenan,dae_mobile,date1insta,chgtpiles
"Plateau sportif de GrammontTerrain 9, 10, 11",3.93392108647369,775412.3055,43.6136351580956,6279844.1872, ,avenue albert Einstein,34000,34172,Montpellier,intérieur,non,non,oui,0, , , ,"lundi, mardi, mercredi, jeudi, vendredi",Heures ouvrables,-,334 67 64 87 70, , ,2017-12-1,En fonctionnement, ,ZOLL, , ,AED PLUS,X17I955734, ,oui,2021-02-02,2023-01-14,2022-12-1,tous les ans, ,2019-05-15,213401722,personne morale,334 67 34 70 00, ,mairie@ville-montpellier.fr,GARCIA  Serge,22,Mairie,non,,
MEDIATHEQUE JEAN-JACQUES ROUSSEAU, ,0, ,0, , ,0,0, , , , , ,0, , , , , , , , , , , , , , , , , , , , , , , , , , , , , , , ,0,Métropole, ,,
MEDIATHEQUE William SHAKESPEARE, ,0, ,0, , ,0,0, , , , , ,0, , , , , , , , , , , , , , , , , , , , , , , , , , , , , , , ,0,Métropole, ,,
MIBI, ,0, ,0, , ,0,0, , , , , ,0, , , , , , , , , , , , , , , , , , , , , , , , , , , , , , , ,0,Métropole, ,,
MAISON POUR TOUS LEO LAGRANGE, ,0, ,0,155,Rue de Bologne,34172,34080,Montpellier,intérieur,oui,non,oui,0, , , ,"lundi, mardi, mercredi, jeudi, vendredi",Heures ouvrables, ,+334 67 40 33 57, , ,2020-10-06,En fonctionnement, ,ZOLL, , ,AED PLUS,X19J215834, , ,2021-08-17,2024-12-28,2025-10-06,Tous les ans, ,2020-10-06,213401722,personne morale,+334 67 34 70 00, ,mairie@ville-montpellier.fr, ,0,Mairie,non,,
Piscine M. SPILLIAERT,3.84314264933544,768100.68,43.5982457955311,6278051.43,154,rue C.Desmoulins,0,34172,Montpellier, , , , ,0, , , , , , ,334 67 42 00 92, , , , , , , , , , , , , , , , , , , , , , , , ,40,Métropole, ,,
Hôtel de Ville,3.8965223400675,772411.37,43.5987299511122,6278152.73,1,place Georges Frêche,34267,34172,Montpellier,intérieur,non,oui,oui,0, , , ,"lundi, mardi, mercredi, jeudi, vendredi",Heures ouvrables, ,334 67 34 70 00,334 67 34 44 93, ,2017-12-1,En fonctionnement, ,ZOLL, , ,AED PLUS,X17I955733, ,oui,2020-11-10,2023-01-14,2022-12-1,tous les ans, ,2019-05-15,213401722,personne morale,334 67 34 70 00, ,mairie@ville-montpellier.fr,FROMENTY Laure,2,Mairie,non,,
Centre municipal Garosud,3.85859224065433,769379.52,43.5725732270947,6275211.76,3490,avenue Etienne Méhul,34070,34172,Montpellier,intérieur,non,non,non,0, , , ,"lundi, mardi, mercredi, jeudi, vendredi",Heures ouvrables, ,334 67 34 74 62, , ,2017-12-1,En fonctionnement, ,ZOLL, , ,AED PLUS,X17I955711, ,oui,2021-02-02,2023-01-14,2022-12-1,tous les ans, ,2019-11-07,213401722,personne morale,334 67 34 70 00, ,mairie@ville-montpellier.fr,EVESQUE Olivier,4,Mairie,non,,
MOCO, ,0, ,0, , ,0,0, , , , , ,0, , , , , , , , , , , , , , , , , , , , , , , , , , , , , , , ,0,Métropole,Métropole,,
Le Petit Prince de Boutonnet, ,0, ,0,20,Rue Emile Littré,34090,34172,Montpellier,intérieur,non,non,oui,0, , , ,"lundi, mardi, mercredi, jeudi, vendredi",Heures ouvrables, ,+334 67 72 13 12, , ,2020-11-06,En fonctionnement, ,ZOLL, , ,AED PLUS,X20H297632, , ,2022-09-05,2025-11-01,2025-11-06,Tous les ans, ,2020-11-06,213401722,personne morale,+334 67 34 70 00, ,mairie@ville-montpellier.fr, ,0,Mairie,non,,
EHPAD Pierre LAROQUE, ,0, ,0,830,rue de Salaison,34000,34172,Montpellier, , , , ,0, , , , , , ,+334 67 16 67 00, , , ,En fonctionnement, , , , , ,X19G179186, , , , , , , , , , , , , , ,0,CCAS, ,,
BELEM, ,0, ,0, , ,0,0, , , , , ,0, , , , , , , , , , , , , , , , , , , , , , , , , , , , , , , ,0,Métropole, ,,
EHPAD Françoise GAUFFIER, ,0, ,0,135,Zac Ovalie  rue André Puig Aubert,34000,34172,Montpellier, , , , ,0, , , , , , ,+334 99 54 96 70, , , ,En fonctionnement, , , , , ,X19G179156, , , , , , , , , , , , , , ,0,CCAS, ,,
Crèche Edelweiss, ,0, ,0,21,rue Général Riu,34000,34172,Montpellier,Intérieur,non,non,non,0, , , ,"lundi, mardi, mercredi, jeudi, vendredi",Heures ouvrables,Fermeture possible pendant les vacances scolaires,+334 67 64 08 11, , ,2020-11-05,En fonctionnement, ,ZOLL, , ,AED PLUS,X20H297636, , ,2022-09-05,2025-11-01,2025-11-05,Tous les ans, ,2020-11-05,213401722,personne morale,+334 67 34 70 00, ,mairie@ville-montpellier.fr, ,123,Mairie,non,,
Crèche Robin des bois, ,0, ,0,280,boulevard Pénélope,34000,34172,Montpellier,non,non,non,non,0, , , ,"lundi, mardi, mercredi, jeudi, vendredi",Heures ouvrables,Fermeture possible pendant les vacances scolaires,+334 99 64 22 50, , ,2020-11-09,En fonctionnement, ,ZOLL, , ,AED PLUS,X20H297627, ,oui,2022-09-05,2025-11-01,2025-11-09,Tous les ans, ,2020-11-09,213401722,personne morale,+334 67 34 70 00, ,mairie@ville-montpellier.fr, ,125,Mairie,non,,
EHPAD Simone DEMANGEL, ,0, ,0,570,rue Rouget de l'Isle,34000,34172,Montpellier, , , , ,0, , , , , , ,+334 67 42 80 33, , , ,En fonctionnement, , , , , ,X19G179148, , , , , , , , , , , , , , ,0,CCAS, ,,
Ecole maternelle Louis-Figuier - Ecole élémentaire Paul Bert- Victor Hugo,3.8818749427812,771221.6974,43.6040988665753,6278736.0725,14,rue Farges,34000,34172,Montpellier,intérieur,non,non,non,0,DAE sur Ecole FIGUIER, , ,"lundi, mardi, mercredi, jeudi, vendredi",Heures ouvrables,Fermeture possible pendant les vacances scolaires,334 67 65 64 89, , ,2019-12-01,En fonctionnement, ,ZOLL, , ,AED PLUS,X19J215359, , ,2021-08-17,2024-12-28,2024-12-01,Tous les ans, ,2019-12-01,213401722,personne morale,334 67 34 70 00, ,mairie@ville-montpellier.fr, ,103,Mairie,non,,
Crèche JOSEPHINE BAKER, ,0, ,0,164,avenue Jean Prat,34070,34172,Montpellier,non,non,non,non,0, , , ,"lundi, mardi, mercredi, jeudi, vendredi",Heures ouvrables,Fermeture possible pendant les vacances scolaires,+334 99 54 53 50, , ,2020-11-10,En fonctionnement, ,ZOLL, , ,AED PLUS,X20H297933, ,oui,2022-09-05,2025-11-01,2025-11-10,Tous les ans, ,2020-11-10,-,personne morale,+334 99 54 53 50, ,creche.josephinebaker@people-and-baby.com, ,126, ,non,,
EHPAD "Michel BELORGEOT", ,0, ,0,41,impasse des Moulins,34000,34172, , , , , ,0, , , , , , ,+334 67 40 04 44, , , ,En fonctionnement, , , , , ,X19G179146, , , , , , , , , , , , , , ,0,CCAS, ,,
EHPAD Montpellieret, ,0, ,0,3,rue Fabre,34000,34172, , , , , ,0, , , , , , ,+334 67 66 14 98, , , ,En fonctionnement, , , , , ,X19J214365, , , , , , , , , , , , , , ,0,CCAS, ,,
Club La Cavalerie, ,0, ,0,28,rue de la Cavalerie,34000,34172,Montpellier, , , , ,0, , , , , , ,+334 67 52 77 92, , , ,En fonctionnement, , , , , ,X19J214495, , , , , , , , , , , , , , ,0,CCAS, ,,
MEDIATHEQUE Victor HUGO, ,0, ,0, , ,0,0, , , , , ,0, , , , , , , , , , , , , , , , , , , , , , , , , , , , , , , ,0,Métropole, ,,
EHPAD "Mathilde LARTIGUE", ,0, ,0,50,rue Louis Pergaud,34000,34172,Montpellier, , , , ,0, , , , , , ,+334 67 75 25 70, , , ,En fonctionnement, , , , , ,X19H186339, , , , , , , , , , , , , , ,0,CCAS, ,,
MEDIATHEQUE GARCIA LLORCA, ,0, ,0, , ,0,0, , , , , ,0, , , , , , , , , , , , , , , , , , , , , , , , , , , , , , , ,0,Métropole, ,,
Crèche Antigone, ,0, ,0,10,rue Jeanne d'Arc,34000,34172,Montpellier,intérieur,non,non,non,0, , , ,"lundi, mardi, mercredi, jeudi, vendredi",Heures ouvrables,Fermeture possible pendant les vacances scolaires,+334 67 64 28 15, , ,2020-11-10,En fonctionnement, ,ZOLL, , ,AED PLUS,X20H297827, ,oui,2022-09-05,2025-11-01,2025-11-10,Tous les ans, ,2020-11-10,213401722,personne morale,+334 67 34 70 00, ,mairie@ville-montpellier.fr, ,127,Mairie,non,,
"Maison pour tous  
Mélina Mercouri",3.90814703437764,773331.2894,43.6135606367422,6279811.6299,842,rue de la Vieille Poste,34000,34172,Montpellier,intérieur,non,non,oui,0, , , ,"lundi, mardi, mercredi, jeudi, vendredi",Heures ouvrables, ,334 99 92 23 80, , ,2017-12-1,En fonctionnement, ,ZOLL, , ,AED PLUS,X17I955719, ,oui,2020-11-10,2023-01-14,2022-12-1,tous les ans, ,2019-01-10,213401722,personne morale,334 67 34 70 00, ,mairie@ville-montpellier.fr,En attente,33,Mairie,non,,
Cimetière Saint-Etienne,3.93489103090574,775487.6784,43.6158729699952,6280093.8051,2,Rue Richard Wright,34000,34172,Montpellier,intérieur,oui,oui,oui,0, , , ,"lundi, mardi, mercredi, jeudi, vendredi, samedi, dimanche",Heures ouvrables, ,334 34 88 92 09, , ,2013-06-01,En fonctionnement, ,ZOLL, , ,AED PLUS,X13D599866, ,oui,2021-03-16,2022-01-01,2022-10-01,tous les ans, ,2019-05-15,213401722,personne morale, , ,mairie@ville-montpellier.fr,Henry LANET,35,Mairie,non,,
Cuisine Centrale,3.84157511981743,767972.6842,43.5994202550643,6278180.6018,950, allée de la Martelle,34070,34172,Montpellier,intérieur,non,non,oui,0, , , ,"lundi, mardi, mercredi, jeudi, vendredi",Heures ouvrables, ,334 67 15 92 69, , ,2015-01-01,En fonctionnement,213401722,ZOLL, , ,AED PLUS,X14I707646, ,non,-,2024-09-22,2024-08-01,tous les ans, ,2019-10-07,213401722,personne morale,334 67 34 70 00, ,mairie@ville-montpellier,Macedo aude,190,Mairie,non,,
Centre de Culture Contemporaine La Panacée,3.8782667806068,770919.8,43.6125997375577,6279677.55,14, rue école de pharmacie,34000,34172,Montpellier,intérieur,non,non,oui,0,Réfectoire, , ,"mercredi, jeudi, vendredi,samedi, dimanche",Heures ouvrables, ,334 34 88 79 79, , ,2015-01-01,En fonctionnement, ,ZOLL, , ,AED PLUS,X14I707697, ,non,-,2020-02-24,2024-10-01,tous les ans, ,2019-10-07,213401722,personne morale,334 67 34 70 00, ,mairie@ville-montpellier.fr,SCHMITT,191,Mairie,non,,
Ancien Hôtel de Ville (Poste de Police Municipale),3.88414277239073,771398.37,43.6093009254496,6279316.24,1, place Françis Ponge,34000,34172,Montpellier,intérieur,non,non,non,0,niveau moins 2, , ,"lundi, mardi, mercredi, jeudi, vendredi",Heures ouvrables, ,334 67 34 71 45, , ,2015-12-1,En fonctionnement, ,ZOLL, , ,AED PLUS,X15F763642, ,oui,2021-05-25,2020-10-18, ,tous les ans, ,2019-11-07,213401722,personne morale,334 67 34 70 00, ,mairie@ville-montpellier.fr,LEMER Delphine - ZEROUKI Thierry,192,Mairie,non,,
Centre de vaccination de la ville de montpellier,3.88644613599591,771585.18,43.608650752262,6279246.07,2,"place Paul Bec, les Echelles de la Ville",34000,34172,Montpellier,intérieur,non,non,oui,0, , , ,"lundi, mardi, mercredi, jeudi, vendredi",Heures ouvrables, ,334 67 02 26 63, , ,2013-06-1,En fonctionnement, ,ZOLL, , ,AED PLUS,X13D599830, ,oui,2021-05-25,2020-10-25,2023-01-01,tous les ans, ,2019-11-07,213401722,personne morale,334 67 34 70 00, ,mairie@ville-montpellier.fr,ABDELLAOUI Karima,198,Mairie, ,,
DAE Extérieur rue syracuse, ,0, ,0, ,Rue syracuse,34000,34172, ,Extérieur, , , ,0, , , ,7j/7,24h/24, ,334 67 34 70 26, , , , , , , , , , , , , , , , , , , , , , , , ,0,Mairie, ,,
Halte Garderie Mowgli, ,0, ,0,280,boulevard Pénélope,34000,34172,Montpellier,Intérieur,non,non,non,0, , , ,"lundi, mardi, mercredi, jeudi, vendredi",Heures ouvrables,Fermeture possible pendant les vacances scolaires,+334 99 64 22 51, , ,2020-11-18,En fonctionnement, ,ZOLL, , ,AED PLUS,X20H297931, ,oui,2022-09-05,2025-11-01,2025-11-18,Tous les ans, ,2020-11-18,213401722,personne morale,+334 67 34 70 00, ,mairie@ville-montpellier.fr, ,130,Mairie,non,,
Crèche Henri SALVADOR, ,0, ,0,6,rue Boussinesq,34070,34172,Montpellier,Intérieur,non,non,non,0, , , ,"lundi, mardi, mercredi, jeudi, vendredi",Heures ouvrables,Fermeture possible pendant les vacances scolaires,+334 30 00 98 79, , ,2020-11-13,En fonctionnement, ,ZOLL, , ,AED PLUS,X20H297625, ,oui,2022-09-05,2025-11-01,2025-11-13,Tous les ans, ,2020-11-13,-,personne morale,+334 30 00 98 79, ,montpellier.hs@lpcr.fr, ,129,-,non,,
Siège du CCAS (Banque d'Acceuil),-,772629.48,43.6020241317034,6278521.35,125,place  Thermidor,34000,34172,Montpellier, , , , ,0, , , , , , ,+334 99  52 77 53, , , ,En fonctionnement, , , , , ,M5066A A11A-05911, , , , , , , , , , , , , , ,62,CCAS, ,,
Crèche Thérèse Sentis, ,0, ,0,655,av. Maréchel Leclerc,34070,34172,Montpellier,Intérieur,non,non,non,0, , , ,"lundi, mardi, mercredi, jeudi, vendredi",Heures ouvrables,Fermeture possible pendant les vacances scolaires,+334 67 65 45 87, , ,2020-11-12,En fonctionnement, ,ZOLL, , ,AED PLUS,X20H297884, ,oui,2022-09-05,2025-11-01,2025-11-12,Tous les ans, ,2020-11-12,213401722,personne morale,+334 67 34 70 00, ,mairie@ville-montpellier.fr, ,128,Mairie,non,,
Club Laure Moulin, ,0, ,0,45,rue Frédéric Bazille,34000,34172,Montpellier, , , , ,0, , , , , , ,+334 67 52 77 92, , , ,En fonctionnement, , , , , ,X19J212259, , , , , , , , , , , , , , ,0,CCAS, ,,
Club Aiguelongue, ,0, ,0,158,Rue Raoul Follereau,34000,34172,Montpellier, , , , ,0, , , , , , ,+334 67 52 77 92, , , ,En fonctionnement, , , , , ,X19J212139, , , , , , , , , , , , , , ,0,CCAS, ,,
EHPAD Les Aubes, ,0, ,0,119,rue St André de Novigens,34000,34172,Montpellier, , , , ,0, , , , , , ,+334 67 72 06 98, , , ,En fonctionnement, , , , , ,X19J214408, , , , , , , , , , , , , , ,0,CCAS, ,,
Club  Galzy, ,0, ,0,14,allée Clémenville 34 000 - Montpellier,34000,34172,Montpellier, , , , ,0, , , , , , ,+334 67 52 77 92, , , ,En fonctionnement, , , , , ,X19J212143, , , , , , , , , , , , , , ,0,CCAS, ,,
Club Maillan, ,0, ,0,-,Rue Georges Brassens,34000,34172,Montpellier, , , , ,0, , , , , , ,+334 67 52 77 92, , , ,En fonctionnement, , , , , ,X19J212277, , , , , , , , , , , , , , ,0,CCAS, ,,
PALAIS DES SPORTS R.BOUGNOL,3.87431551914803,770569.44,43.6380432875803,6282501.59,1000,avenue du Val de Montferrand,0,34172,Montpellier, , , , ,0, , , , , , ,334 67 52 76 14, , , , , , , , , , , , , , , , , , , , , , , , ,47,Métropole, ,,
Ecole maternelle Sergueï-Prokofiev - Ecole élémentaire Jean Zay,3.89809208181167,772512.6703,43.6188883739332,6280394.425,85,avenue Alphonse-Juin,34000,34172,Montpellier,intérieur,non,non,non,0,DAE sur Ecole ZAY, , ,"lundi, mardi, mercredi, jeudi, vendredi",Heures ouvrables,Fermeture possible pendant les vacances scolaires,334 67 02 66 35,334 67 02 66 36, ,2019-12-01,En fonctionnement, ,ZOLL, , ,AED PLUS,X19J215405, , ,2021-08-17,2024-12-28,2024-12-01,Tous les ans, ,2019-12-01,213401722,personne morale,334 67 34 70 00, ,mairie@ville-montpellier.fr, ,84,Mairie,non,,
Ecole élémentaire Germaine Richier,3.85284162357418,768893.3836,43.5904588270256,6277194.4442,99,Avenue Jean Prat,34070,34172,Montpellier,intérieur,non,non,non,0, , , ,"lundi, mardi, mercredi, jeudi, vendredi",Heures ouvrables,Fermeture possible pendant les vacances scolaires,334 67 99 25 90, , ,2019-12-01,En fonctionnement, ,ZOLL, , ,AED PLUS,X19J215994, , ,2021-08-17,2024-12-28,2024-12-01,Tous les ans, ,2019-12-01,213401722,personne morale,334 67 34 70 00, ,mairie@ville-montpellier.fr, ,83,Mairie,non,,
Maison pour tous Marie Curie,3.83067333287118,767076.462,43.6128786344574,6279666.957,13,allée Antonin Chauliac,34080,34172,Montpellier,intérieur,non,non,oui,1, , , ,"lundi, mardi, mercredi, jeudi, vendredi",Heures ouvrables, ,334 67 75 10 34, , ,2019-11-01,En fonctionnement, ,ZOLL, , ,AED PLUS,X19J214090, , ,2021-10-26,2024-11-03,2024-11-01,Tous les ans, ,2019-11-01,213401722,personne morale,334 67 34 70 00, ,mairie@ville-montpellier.fr, ,72,Mairie,Non,,
Eglise Notre-Dame-des-Tables,3.87957276977398,771025.8847,43.6120901983009,6279622.0975,43,Rue de l'Aiguillerie,34000,34172,Montpellier,intérieur,non,non,non,0, , , ,"lundi, mardi, mercredi, jeudi, vendredi",Heures ouvrables, ,-, , ,2019-12-01,En fonctionnement, ,ZOLL, , ,AED PLUS,X19J215389, , ,2021-08-17,2024-12-28,2024-12-01,Tous les ans, ,2019-12-01,213401722,personne morale,334 67 34 70 00, ,mairie@ville-montpellier.fr, ,110,Mairie,non,,
chapelle de la résurrection - Theatre de la vista,3.8577379112732,769270.0545,43.6060649637651,6278933.0985,170,Rue Joachim du Bellay,34070,34172,Montpellier,intérieur,non,-,-,0, , , ,"lundi, mardi, mercredi, jeudi, vendredi",Heures ouvrables, ,334 99 52 99 31, , ,2019-12-01,En fonctionnement, ,ZOLL, , ,AED PLUS,X19J214444, , ,2021-08-17,2024-12-28,2024-12-01,Tous les ans, ,2019-12-01,213401722,personne morale,334 67 34 70 00, ,mairie@ville-montpellier.fr, ,111,Mairie,non,,
Halles Jacques Coeur,3.88939149901486,771822.2884,43.6092379806075,6279314.0048,-,Boulevard d'Antigone,34000,34172,Montpellier,intérieur,oui,non,non,0, , , ,7j/7,Heures ouvrables, ,334 67 34 70 00, , ,2019-12-01,En fonctionnement, ,ZOLL, , ,AED PLUS,X19J215319, , ,2021-08-17,2024-12-28,2024-12-01,Tous les ans, ,2019-12-01,213401722,personne morale,334 67 34 70 00, ,mairie@ville-montpellier.fr, ,112,Mairie,non,,
Ecole élémentaire Winston Churchill - Ecole maternelle Marceline Desbordes-Valmore,3.85476904201268,769038.0989,43.5995832643803,6278210.1643,424 - 460,rue du lavandin,34070,34172,Montpellier,intérieur,non,non,non,0,DAE sur Ecole Churchill, , ,"lundi, mardi, mercredi, jeudi, vendredi",Heures ouvrables,Fermeture possible pendant les vacances scolaires,334 67 42 54 64,334 67 42 63 15, ,2019-12-01,En fonctionnement, ,ZOLL, , ,AED PLUS,X19J215799, , ,2021-08-17,2024-12-28,2024-12-01,Tous les ans, ,2019-12-01,213401722,personne morale,334 67 34 70 00, ,mairie@ville-montpellier.fr, ,85,Mairie,non,,
Ecole maternelle Maria-Callas,3.84412603580079,768173.1716,43.6040816795899,6278700.8428,843,rue de la Croix de Figuerolles,34070,34172,Montpellier,intérieur,non,non,non,0, , , ,"lundi, mardi, mercredi, jeudi, vendredi",Heures ouvrables,Fermeture possible pendant les vacances scolaires,334 67 75 56 55, , ,2019-12-01,En fonctionnement, ,ZOLL, , ,AED PLUS,X19J215468, , ,2021-08-17,2024-12-28,2024-12-01,Tous les ans, ,2019-12-01,213401722,personne morale,334 67 34 70 00, ,mairie@ville-montpellier.fr, ,86,Mairie,non,,
Ecole élémentaire Jean Mermoz -Ecole maternelle Vasco-de-Gama,3.89205258481797,772031.0672,43.6141016426732,6279856.9388,196 - 156,rue de la Croix du Sud,34000,34172,Montpellier,intérieur,non,non,non,0,DAE sur Ecole Vasco de Gama, , ,"lundi, mardi, mercredi, jeudi, vendredi",Heures ouvrables,Fermeture possible pendant les vacances scolaires,334 67 65 04 66,334 67 65 04 92, ,2019-12-01,En fonctionnement, ,ZOLL, , ,AED PLUS,X19J215926, , ,2021-08-17,2024-12-28,2024-12-01,Tous les ans, ,2019-12-01,213401722,personne morale,334 67 34 70 00, ,mairie@ville-montpellier.fr, ,87,Mairie,non,,
Ecole élémentaire Benoite Groult,3.83624344261754,767493.9438,43.6403091566517,6282720.1139,99,rue de Puech Villa,34000,34172,Montpellier,intérieur,non,non,non,0, , , ,"lundi, mardi, mercredi, jeudi, vendredi",Heures ouvrables,Fermeture possible pendant les vacances scolaires,334 67 60 17 80, , ,2019-12-01,En fonctionnement, ,ZOLL, , ,AED PLUS,X19J215722, , ,2021-08-17,2024-12-28,2024-12-01,Tous les ans, ,2019-12-01,213401722,personne morale,334 67 34 70 00, ,mairie@ville-montpellier.fr, ,88,Mairie,non,,
Ecole élémentaire Simon Bolivar,3.81773091991616,766019.3963,43.62331360185,6280815.717,300,avenue de Barcelone,34080,34172,Montpellier,intérieur,non,non,non,0, , , ,"lundi, mardi, mercredi, jeudi, vendredi",Heures ouvrables,Fermeture possible pendant les vacances scolaires,334 67 75 34 69, , ,2019-12-01,En fonctionnement, ,ZOLL, , ,AED PLUS,X19J215811, , ,2021-08-17,2024-12-28,2024-12-01,Tous les ans, ,2019-12-01,213401722,personne morale,334 67 34 70 00, ,mairie@ville-montpellier.fr, ,90,Mairie,non,,
Ecole élémentaire André Boulloche,3.81964149146731,766168.2268,43.6280064369903,6281338.842,123,rue de Lausanne,34080,34172,Montpellier,intérieur,non,non,non,0, , , ,"lundi, mardi, mercredi, jeudi, vendredi",Heures ouvrables,Fermeture possible pendant les vacances scolaires,334 67 75 37 33, , ,2019-12-01,En fonctionnement, ,ZOLL, , ,AED PLUS,X19J215965, , ,2021-08-17,2024-12-28,2024-12-01,Tous les ans, ,2019-12-01,213401722,personne morale,334 67 34 70 00, ,mairie@ville-montpellier.fr, ,91,Mairie, ,,
Ecole élémentaire Spinoza,3.83715271208757,767604.9492,43.6083804643777,6279172.5864,110,rue Viollet-Le-Duc,34070,34172,Montpellier,intérieur,non,non,non,0, , , ,"lundi, mardi, mercredi, jeudi, vendredi",Heures ouvrables,Fermeture possible pendant les vacances scolaires,334 67 75 34 63, , ,2019-12-01,En fonctionnement, ,ZOLL, , ,AED PLUS,X19J215294, ,2021-08-17,2024-12-28, ,2024-12-01,Tous les ans, ,2019-12-01,213401722,personne morale,334 67 34 70 00, ,mairie@ville-montpellier.fr, ,92,Mairie,non,,
Ecole élémentaire Jean Moulin,3.89150298321939,771980.902,43.6187145693709,6280369.0811,20,boulevard Mounié,34000,34172,Montpellier,intérieur,non,non,non,0, , , ,"lundi, mardi, mercredi, jeudi, vendredi",Heures ouvrables,Fermeture possible pendant les vacances scolaires,334 67 72 68 17, , ,2019-12-01,En fonctionnement, ,ZOLL, , ,AED PLUS,X19J215801, , ,2021-08-17,2024-12-28,2024-12-01,Tous les ans, ,2019-12-01,213401722,personne morale,334 67 34 70 00, ,mairie@ville-montpellier.fr, ,93,Mairie,non,,
Piscine PITOT,3.87042726007263,770286.967,43.6124525152634,6279654.1792,230,place Jacques Mirouze,34000,34172,Montpellier,intérieur,non,non,oui,0, , , ,"lundi, mardi, mercredi, jeudi, vendredi, samedi, dimanche",Heures ouvrables,"mardi, mercredi, jeudi, vendredi, samedi, dimanche",334 67 52 58 89, , ,-,-, , , , , ,4 164 493, , , , , , , , , , , , , , ,120,Métropole,non,,
Piscine A. NAKACHE,3.90629920870056,773191.21,43.6064088333911,6279015.12,237,route de Vauguières,0,34172,Montpellier, , , , ,0, , , , , , ,334 67 22 57 05, , , , , , , , , , , , , , , , , , , , , , , , ,38,Métropole, ,,
Piscine J. TARIS,3.90104521170055,772749.02,43.6205269603349,6280579.24,67,rue L.Michel,0,34172,Montpellier, , , , ,0, , , , , , ,334 67 79 03 11, , , , , , , , , , , , , , , , , , , , , , , , ,39,Métropole, ,,
Piscine J. VIVES,3.8725825201908,770491.23,43.5878357209346,6276920.35,1933,avenue de Maurin,0,34172,Montpellier, , , , ,0, , , , , , ,334 67 27 74 79, , , , , , , , , , , , , , , , , , , , , , , , ,41,Métropole, ,,
Piscine S. BERLIOUX,3.89523251192244,772317.65,43.590433374266,6277229.52,551,rue Métairie de Saysset,0,34172,Montpellier, , , , ,0, , , , , , ,334 67 65 38 71, , , , , , , , , , , , , , , , , , , , , , , , ,42,Métropole, ,,
Ecole maternelle Geneviève-Bon - Ecole élémentaire Louis Armstrong,3.83898290012738,767741.9755,43.6174980846812,6280187.4237,971,rue Paul-Rimbaud,34080,34172,Montpellier,intérieur,non,non,non,0,DAE sur Ecole BON, , ,"lundi, mardi, mercredi, jeudi, vendredi",Heures ouvrables,Fermeture possible pendant les vacances scolaires,334 67 75 02 34,334 67 75 61 77, ,2019-12-01,En fonctionnement, ,ZOLL, , ,AED PLUS,X19J215884, , ,2021-08-17,2024-12-28,2024-12-01,Tous les ans, ,2019-12-01,213401722,personne morale,334 67 34 70 00, ,mairie@ville-montpellier.fr, ,94,Mairie,non,,
Ecole maternelle Indira-Gandhi,3.81976504102354,766164.4387,43.6399339318858,6282664.4684,380,rue Pierre-Cardenal,34080,34172,Montpellier,intérieur,non,non,non,0, , , ,"lundi, mardi, mercredi, jeudi, vendredi",Heures ouvrables,Fermeture possible pendant les vacances scolaires,334 67 75 35 45, , ,2019-12-01,En fonctionnement, ,ZOLL, , ,AED PLUS,X19J215876, ,-,2021-08-17,2024-12-28,2024-12-01,Tous les ans, ,2019-12-01,213401722,personne morale,334 67 34 70 00, ,mairie@ville-montpellier.fr, ,95,Mairie,non,,
Ecole élémentaire Blaise Pascal - Ecole maternelle Sarah-Bernhardt,3.90770092827438,773297.0224,43.6121879360203,6279658.6648,100,rue Louis Lépine,34000,34172,Montpellier,intérieur,non,non,non,0,DAE sur ecole BLAISE PASCAL, , ,"lundi, mardi, mercredi, jeudi, vendredi",Heures ouvrables,Fermeture possible pendant les vacances scolaires,334 67 22 11 72, , ,2019-12-01,En fonctionnement, ,ZOLL, , ,AED PLUS,X19J215816, , ,2021-08-17,2024-12-28,2024-12-01,Tous les ans, ,2019-12-01,213401722,Personne morale,334 67 34 70 00, ,mairie@ville-montpellier.fr, ,96,Mairie,non,,
Ecole maternelle James-Joyce,3.81791314285696,766028.5889,43.6281074894343,6281348.6254,122,rue de Bologne,34080,34172,Montpellier,intérieur,non,non,non,0, , , ,"lundi, mardi, mercredi, jeudi, vendredi",Heures ouvrables,Fermeture possible pendant les vacances scolaires,334 67 75 34 87, , ,2019-12-01,En fonctionnement, ,ZOLL, , ,AED PLUS,X19J215764, , ,2021-08-17,2024-12-28,2024-12-01,Tous les ans, ,2019-12-01,213401722,personne morale,334 67 34 70 00, ,mairie@ville-montpellier.fr, ,97,Mairie,non,,
Ecole élémentaire Léopold Sedar Senghor,3.81791532192905,766029.4552,43.6275077620567,6281281.9782,26,rue de Bologne,34080,34172,Montpellier,intérieur,non,non,non,0, , , ,"lundi, mardi, mercredi, jeudi, vendredi",Heures ouvrables,Fermeture possible pendant les vacances scolaires,334 67 75 34 79, , ,2019-12-01,En fonctionnement, ,ZOLL, , ,AED PLUS,X19J215979, , ,2021-08-17,2024-12-28,2024-12-01,Tous les ans, ,2019-12-01,213401722,personne morale,334 67 34 70 00, ,mairie@ville-montpellier.fr, ,100,Mairie,non,,
Ecole maternelle Robert-Surcouf -Ecole élémentaire Georges Simenon,3.8714435810918,770390.0854,43.5952872148722,6277747.4494,215,boulevard Pédro-de-Luna,34070,34172,Montpellier,intérieur,non,non,non,0,DAE sur ECOLE SURCOUF, , ,"lundi, mardi, mercredi, jeudi, vendredi",Heures ouvrables,Fermeture possible pendant les vacances scolaires,334 67 42 45 23,334 67 42 47 20, ,2019-12-01,En fonctionnement, ,ZOLL, , ,AED PLUS,X19J214036, , ,2021-08-17,2024-12-28,2024-12-01,Tous les ans, ,2019-12-01,213401722,personne morale,334 67 34 70 00, ,mairie@ville-montpellier.fr, ,102,Mairie,non,,
Ecole maternelle Jules-Michelet - Ecole élémentaire Joseph Delteil,3.83873856808814,767724.3925,43.6156815982488,6279985.343,-,Rue des Araucarias,34080,34172,Montpellier,intérieur,non,non,non,0,DAE sur Ecole MICHELET, , ,"lundi, mardi, mercredi, jeudi, vendredi",Heures ouvrables,Fermeture possible pendant les vacances scolaires,334 67 10 06 05,334 67 10 05 76, ,2019-12-01,En fonctionnement, ,ZOLL, , ,AED PLUS,X19J215729, , ,2021-08-17,2024-12-28,2024-12-01,Tous les ans, ,2019-12-01,213401722,personne morale,334 67 34 70 00, ,mairie@ville-montpellier.fr, ,98,Mairie,non,,
Ecole maternelle Mozart,3.86164748235704,769572.566,43.6169568463152,6280146.9812,60,avenue d'Assas,34000,34172,Montpellier,intérieur,non,non,non,0, , , ,"lundi, mardi, mercredi, jeudi, vendredi",Heures ouvrables,Fermeture possible pendant les vacances scolaires,334 67 63 15 61, , ,2019-12-01,En fonctionnement, ,ZOLL, , ,AED PLUS,X19J215900, , ,2021-08-17,2024-12-28,2024-12-01,tous les ans, ,2019-12-01,213401722,personne morale,334 67 34 70 00, ,mairie@ville-montpellier.fr, ,99,Mairie,non,,
Piscine centre nautique neptune,3.81486877448227,765791.7,43.6203748790079,6280486.74,-,-,0,34172,Montpellier, , , , ,0, , , , , , ,-, , , , , , , , , , , , , , , , , , , , , , , , ,44,Métropole, ,,
Piscine Olympique Antigone,3.89308121814824,772122.49,43.6074454556324,6279118.16, ,-,0,34172,Montpellier, , , , ,0, , , , , , ,-, , , , , , , , , , , , , , , , , , , , , , , , ,43,Métropole, ,,
Ecole élémentaire Jules Ferry,3.87456248737726,770591.6684,43.6361784369411,6282294.5687,88,rue Antoine-Laurent de Jussieu,34090,34172,Montpellier,intérieur,non,non,non,0, , , ,"lundi, mardi, mercredi, jeudi, vendredi",Heures ouvrables,Fermeture possible pendant les vacances scolaires,334 67 54 41 71, , ,2019-12-01,En fonctionnement, ,ZOLL, , ,AED PLUS,X19J214251, , ,2021-08-17,2024-12-28,2024-12-01,Tous les ans, ,2019-12-01,213401722,personne morale,334 67 34 70 00, ,mairie@ville-montpellier.fr, ,101,Mairie,non,,
Ecole primaire Olympe-de-Gouges,3.84625931433135,768361.1236,43.5909248113857,6277240.5104,1375,rue de Bugarel,34070,34172,Montpellier,intérieur,non,non,non,0, , , ,"lundi, mardi, mercredi, jeudi, vendredi",Heures ouvrables,Fermeture possible pendant les vacances scolaires,334 67 99 18 21, , ,2019-12-01,En fonctionnement, ,ZOLL, , ,AED PLUS,X19J215343, , ,2021-08-17,2024-12-28,2024-12-01,Tous les ans, ,2019-12-01,213401722,personne morale,334 67 34 70 00, ,mairie@ville-montpellier.fr, ,104,Mairie,non,,
Ecole élémentaire Julie Daubie,3.84232778339953,768009.5784,43.6195753592669,6280421.1518,183,allée de l'Aqueduc,34080,34172,Montpellier,intérieur,non,non,non,0, , , ,"lundi, mardi, mercredi, jeudi, vendredi",Heures ouvrables,Fermeture possible pendant les vacances scolaires,334 67 63 01 26, , ,2019-12-01,En fonctionnement, ,ZOLL, , ,AED PLUS,X19J215374, , ,2021-08-17,2024-12-28,2024-12-01,Tous les ans, ,2019-12-01,213401722,personne morale,334 67 34 70 00, ,mairie@ville-montpellier.fr, ,105,Mairie,non,,
Ecole maternelle Paul-Eluard - Ecole élémentaire Jean Macé,3.89640622981796,772409.3207,43.5929214621688,6277507.1062,219 - 289,rue de Saint Hilaire 34000 Montpellier,34000,34172,Montpellier,intérieur,non,non,non,0,DAE sur Ecole ELUARD, , ,"lundi, mardi, mercredi, jeudi, vendredi",Heures ouvrables,Fermeture possible pendant les vacances scolaires,334 67 64 40 54,334 67 64 40 60, ,2019-12-01,En fonctionnement, ,ZOLL, , ,AED PLUS,X19J215302, , ,2021-08-17,2024-12-28,2024-12-01,Tous les ans, ,2019-12-01,213401722,personne morale,334 67 34 70 00, ,mairie@ville-montpellier.fr, ,106,Mairie,non,,
Multi accueil La Coupole,3.8909115988768,771946.807,43.6078271911951,6279158.604,45,place Zeus,34000,34172,Montpellier,intérieur,non,non,non,0, , , ,"lundi, mardi, mercredi, jeudi, vendredi",Heures ouvrables, ,334 67 64 06 62, , ,2019-12-01,En fonctionnement, ,ZOLL, , ,AED PLUS,X19J215718, , ,2021-08-17,2024-12-28,2024-12-01,Tous les ans, ,2019-12-01,213401722,personne morale,334 67 34 70 00, ,mairie@ville-montpellier.fr, ,108,Mairie,non,,
Ecole élémentaire Léo Malet,3.8316349046765,767154.1695,43.6128240251644,6279661.7054,5,allée Pierre Carabasse,34000,34172,Montpellier,intérieur,non,non,non,0, , , ,"lundi, mardi, mercredi, jeudi, vendredi",Heures ouvrables,Fermeture possible pendant les vacances scolaires,334 67 75 46 45, , ,2019-12-01,En fonctionnement, ,ZOLL, , ,AED PLUS,X19J215375, , ,2021-08-17,2024-12-28,2024-12-01,Tous les ans, ,2019-12-01,213401722,personne morale,334 67 34 70 00, ,mairie@ville-montpellier.fr, ,107,Mairie,non,,
Salle Polyvalente Espace Jacques 1er d'Aragon,3.89812267566427,772533.4168,43.6044300520134,6278787.668,117,rue des états généraux,34000,34172,Montpellier,intérieur,non,non,non,0, , , ,"lundi, mardi, mercredi, jeudi, vendredi",Heures ouvrables, ,334 67 83 71 86, , ,2019-12-01,En fonctionnement, ,ZOLL, , ,AED PLUS,X19J215498, , ,2021-08-17,2024-12-28,2024-12-01,Tous les ans, ,2019-12-01,213401722,personne morale,334 67 34 70 00, ,mairie@ville-montpellier.fr, ,109,Mairie,non,,
Zoo de Lunaret,3.87388024883192,770532.41,43.6395873179815,6282672.79,50,avenue agropolis,34090,34172,Montpellier,intérieur,oui,non,oui,0, , , ,"mardi, mercredi, jeudi, vendredi, samedi, dimanche",Heures ouvrables, ,334 67 54 45 20, , ,2017-12-1,En fonctionnement, ,ZOLL, , ,AED PLUS,X17H948887, ,oui,2021-03-16,2023-01-14,2022-12-1,tous les ans, ,2019-05-14,213401722,personne morale,334 67 34 70 00, ,mairie@ville-montpellier.fr,CORNIER,3,Mairie,non,,
Service surveillance voie publique (ASVP),3.87964813129678,771028.99,43.6144971002654,6279889.65,8,avenue Louis Blanc,34000,34172,Montpellier,intérieur,non,non,oui,0, , , ,"lundi, mardi, mercredi, jeudi, vendredi",Heures ouvrables, ,334 99 58 80 34, , ,2017-12-1,En fonctionnement, ,ZOLL, , ,AED PLUS,X17I955750, ,oui,2021-02-02,2023-01-14,2022-12-1,tous les ans, ,2019-11-07,213401722,personne morale,334 67 34 70 00, ,mairie@ville-montpellier.fr,CAMPOURCY bruno,14,Mairie,non,,
Hotel de Ville Central park,3.89553805176529,772331.0771,43.5993615952129,6278222.0245,1,place Georges Frêche,34000,34172,Montpellier,intérieur,non,non,non,0, , , ,"lundi, mardi, mercredi, jeudi, vendredi",Heures ouvrables, ,334 67 34 70 00, , ,2017-12-1,En fonctionnement, ,ZOLL, , ,AED PLUS,X17I955724, ,oui,2020-11-10,2023-01-14,2022-12-1,tous les ans, ,2019-05-15,213401722,personne morale,334 67 34 70 00, ,mairie@ville-montpellier.fr,FROMENTY Laure,5,Mairie,non,,
Poste de police Ecusson Centre ville,3.87860752258093,770956.69,43.6050174875771,6278835.22,19 bis,rue durand,34000,34172,Montpellier,intérieur,oui,non,oui,0, , , ,"lundi, mardi, mercredi, jeudi, vendredi",Heures ouvrables, ,334 67 34 70 89, , ,2017-12-1,En fonctionnement, ,ZOLL, , ,AED PLUS,X17H948897, ,oui,2021-02-09,2023-01-14,2022-12-1,tous les ans, ,2019-04-16,213401722,personne morale,334 67 34 70 00, ,mairie@ville-montpellier.fr,JAUNE Christophe,16,Mairie,non,,
Unité Service Fourrière,3.85396085248997,768987.49,43.587382545976,6276853.54,1945,avenue de toulouse,34070,34172,Montpellier,intérieur,oui,non,oui,0, , , ,"lundi, mardi, mercredi, jeudi, vendredi, samedi",Heures ouvrables, ,"
334 34 46 68 58", , ,2017-12-1,En fonctionnement, ,ZOLL, , ,AED PLUS,X17I955747, ,oui,2021-02-02,2023-01-14, ,tous les ans, ,2019-11-07,213401722,personne morale,334 67 34 70 00, ,mairie@ville-montpellier.fr,BOURETZ Alain,17,Mairie,non,,
Poste de police Hotel de ville,3.89399058643915,772206.73,43.5988579814707,6278164.64,789,chemin de moulares,34000,34172,Montpellier,intérieur,non,non,oui,0, , , ,"lundi, mardi, mercredi, jeudi, vendredi",Heures ouvrables, ,334 67 34 88 30, , ,2017-12-1,En fonctionnement,-,ZOLL, , ,AED PLUS,X17I955693, ,oui,2021-02-02,2023-01-14,2022-12-1,tous les ans, ,2019-10-07,213401722,personne morale,334 67 34 70 00, ,mairie@ville-montpellier.fr,CABASSUT Jean-Paul,18,Mairie,non,,
Palais des sports Pierre-de-Coubertin,3.81388667740295,765691.88,43.638296406947,6282477.58,25,Rue de Gènes,34080,34172,Montpellier,intérieur,non,non,non,0, , , ,"lundi, mardi, mercredi, jeudi, vendredi",Heures ouvrables, ,334 67 03 02 24, , ,2017-12-1,En fonctionnement, ,ZOLL, , ,AED PLUS,X17J955754, ,oui,2021-02-02,2023-01-14,2022-12-1,tous les ans, ,2019-11-07,213401722,personne morale,334 67 34 70 00, ,mairie@ville-montpellier.fr,Brault Jean-Phillipe,20,Mairie,non,,
Gymnase François Spinosi,3.91771559166406,774122.74,43.5989740313524,6278199.52, ,Rue Pierre Gilles de Gennes,34000,34172,Montpellier,intérieur,non,non,oui,0, , , ,"lundi, mardi, mercredi, jeudi, vendredi",Heures ouvrables, ,334 67 15 90 35, , ,2017-12-1,En fonctionnement, ,ZOLL, , ,AED PLUS,X17I955722, ,oui,2021-02-02,2023-09-09,2022-12-1,tous les ans, ,2018-12-6,213401722,personne morale,334 67 34 70 00, ,mairie@ville-montpellier.fr,Boukhizzou,21,Mairie,non,,
Hotel de Ville Niveau moins 1 Etat Major COC,3.89683159240325,772436.7986,43.5983721693041,6278113.2522,1,place Georges Frêche,34000,34172,Montpellier,intérieur,non,oui,oui,-1, , , ,"lundi, mardi, mercredi, jeudi, vendredi",Heures ouvrables, ,334 67 34 59 25, , ,2017-12-1,En fonctionnement, ,ZOLL, , ,AED PLUS,X17I955701, ,oui,2021-02-02,2023-01-14,2022-12-1,tous les ans, ,2019-05-15,213401722,personne morale,334 67 34 70 00, ,mairie@ville-montpellier.fr,MANSART Violette,23,Mairie,non,,
STADE DE LA MOSSON,3.81316551139018,765652.47,43.6218734259555,6280651.86, ,avenue de Heidelberg,0,34172,Montpellier, , , , ,0, , , , , , ,334 67 75 74 16, , , , , , , , , , , , , , , , , , , , , , , , ,45,Métropole, ,,
Gymnase Albert Batteux,3.85685693794324,769237.49,43.5740760118369,6275377.25,150,rue François-Joseph-Gossec,34000,34172,Montpellier,intérieur,oui,non,non,0, , , ,"lundi, mardi, mercredi, jeudi, vendredi",Heures ouvrables, ,334 34 88 76 28, , ,2017-12-1,En fonctionnement, ,ZOLL, , ,AED PLUS,X17I955730, ,oui,2021-02-02,2023-01-14,2022-12-1,tous les ans, ,2019-10-07,213401722,personne morale,334 67 34 70 00, ,mairie@ville-montpellier.fr,MARECHAL,24,Mairie,non,,
Gymnase Bernard-Jouanique,3.8471372225702,768396.22,43.6209658101339,6280579.83, ,rue Jaques-Dalcroze,34080,34172,Montpellier,intérieur,non,non,non,0, , , ,"lundi, mardi, mercredi, jeudi, vendredi",Heures ouvrables, ,"334 67 54 63 99
", , ,2017-12-1,En fonctionnement, ,ZOLL, , ,AED PLUS,X17I955749, ,oui,2020-11-10,2023-01-14,2022-12-1,tous les ans, ,2019-10-07,213401722,personne morale,334 67 34 70 00, ,mairie@ville-montpellier.fr,ROUQUET,25,Mairie,non,,
Stade Municipal Sabathé,3.86890829584205,770181.947,43.5980356410935,6278050.6357,18,rue Mas de Lemasson,34000,34172,Montpellier,intérieur,non,non,non,0, , , ,"lundi, mardi, mercredi, jeudi, vendredi",Heures ouvrables, ,334 67 47 10 22, , ,2017-12-1,En fonctionnement, ,ZOLL, , ,AED PLUS,X17H948908, ,oui,2020-11-10,2023-01-14,2022-12-1,tous les ans, ,2019-09-10,213401722,personne morale,334 67 34 70 00, ,mairie@ville-montpellier.fr,RISCAL STEPHANE,26,Mairie,non,,
Salle de Sports Alain Achille,3.86929205080085,770187.72,43.6186499959297,6280341.91,1,place Marcel-Godechot,34000,34172,Montpellier,intérieur,oui,non,non,0, , , ,"lundi, mardi, mercredi, jeudi, vendredi",Heures ouvrables, ,334 67 63 93 11, , ,2017-12-1,En fonctionnement, ,ZOLL, , ,AED PLUS,X17I955745, ,oui,2021-02-23,2023-01-14,2022-12-1,tous les ans, ,2019-05-15,213401722,personne morale,334 67 34 70 00, ,mairie@ville-montpellier.fr,BATISTA,27,Mairie,non,,
Gymnase Alain Le Hetet,3.90603797982283,773171.0896,43.6056441965939,6278929.9019,237,route de Vauguières,34000,34172,Montpellier,intérieur,oui,non,non,0, , , ,"lundi, mardi, mercredi, jeudi, vendredi",Heures ouvrables, ,334 67 82 76 71, , ,2017-12-1,En fonctionnement, ,ZOLL, , ,AED PLUS,X17I955726, ,oui,2021-02-02,2020-05-28,2022-12-1,tous les ans, ,2019-09-10,213401722,personne morale,334 67 34 70 00, ,mairie@ville-montpellier.fr,Prieto,28,Mairie,non,,
"Maison pour tous   
Albert Dubout",3.8825370479598,771247.5461,43.6263361536399,6281207.948,1071,avenue de la Justice de Castelnau,34090,34172,Montpellier,intérieur,non,non,non,1, , , ,"lundi, mardi, mercredi, jeudi, vendredi",Heures ouvrables, ,334 67 02 68 58, , ,2017-12-1,En fonctionnement, ,ZOLL, , ,AED PLUS,X17I955746, ,oui,2021-02-02,2023-01-14,2022-12-1,tous les ans, ,2019-01-10,213401722,personne morale,334 67 34 70 00, ,mairie@ville-montpellier.fr,FERRARIS,29,Mairie,non,,
"Maison pour tous 
Albert Camus",3.86999150922111,770270.87,43.5968636380875,6277921.35,118,allée Maurice-Bonafos,34070,34172,Montpellier,intérieur,non,non,oui,0, , , ,"lundi, mardi, mercredi, jeudi, vendredi",Heures ouvrables, ,334 67 27 33 41, , ,2017-12-1,En fonctionnement, ,ZOLL, , ,AED PLUS,X17I955702, ,oui,2021-02-02,2023-01-14, ,tous les ans, ,2019-01-10,213401722, ,334 67 34 70 00, ,mairie@ville-montpellier.fr,MYR Alexandra,30,Mairie,non,,
Mairie annexe de proximité Mosson,3.81644666304565,765910.29,43.6280352311183,6281339.37,111,"place de Tipasa 
Mas de la Paillade",34080,34172,Montpellier,intérieur,oui,non,oui,0, , , ,"lundi, mardi, mercredi, jeudi, vendredi",Heures ouvrables, ,334 67 34 71 73, , ,2017-12-1,En fonctionnement, ,ZOLL, , ,AED PLUS,X17I955731, ,oui,2021-02-02,2023-01-14,2022-12-1,tous les ans, ,2019-09-10,213401722,personne morale,334 67 34 70 00, ,mairie@ville-montpellier.fr,REDAL,31,Mairie,non,,
"Maison pour tous 
François Villon",3.83948430685078,767785.0525,43.6153031160824,6279943.9211,55,rue des araucarias,34080,34172,Montpellier,intérieur,non,non,oui,0, , , ,"lundi, mardi, mercredi, jeudi, vendredi",Heures ouvrables, ,"334 67 45 04 57
", , ,2017-12-1,En fonctionnement, ,ZOLL, , ,AED PLUS,X17I955714, ,oui,2020-11-10,2023-01-14,2022-12-1,tous les ans, ,2019-01-10,213401722,personne morale,334 67 34 70 00, ,mairie@ville-montpellier.fr,NABLI Mouaiz,32,Mairie,non,,
Ecole  Ludwig-Van-Beethoven,3.85685043630665,769223.8587,43.5849431576184,6276584.9679,280,rue du mas Nouguier 34070 Montpellier,34070,34172,Montpellier,intérieur,non,non,non,0, , , ,"lundi, mardi, mercredi, jeudi, vendredi",Heures ouvrables,Fermeture possible pendant les vacances scolaires,334 67 27 66 71, , ,2019-12-01,En fonctionnement, ,ZOLL, , ,AED PLUS,X19J215824, , ,2021-08-17,2024-12-28,2024-12-01,Tous les ans, ,2019-12-01,213401722,personne morale,334 67 34 70 00, ,mairie@ville-montpellier.fr, ,79,Mairie,non,,
Halles Castellane,3.87698855151732,770819.7041,43.6100748932829,6279395.8104, ,Rue de la Loge,34000,34172,Montpellier,intérieur,oui,non,non,0, , , ,7j/7,Heures ouvrables, ,334 67 34 70 00, , ,2019-12-01,En fonctionnement, ,ZOLL, , ,AED PLUS,X19J215844, , ,2021-08-17,2024-12-28,2024-12-01,Tous les ans, ,2019-12-01,213401722,personne morale,334 67 34 70 00, ,mairie@ville-montpellier.fr, ,113,Mairie,non,,
Halles des quatre saisons,3.81718369697817,765970.5513,43.62737098555,6281266.1664, ,Avenue d'Heidelberg,34000,34172,Montpellier,intérieur,oui,non,non,0, , , ,7j/7,Heures ouvrables, ,334 67 34 70 00, , ,2019-12-01,En fonctionnement, ,ZOLL, , ,AED PLUS,X19215788, , ,2021-08-17,2024-12-28,2024-12-01,Tous les ans, ,2019-12-01,213401722,personne morale,334 67 34 70 00, ,mairie@ville-montpellier.fr, ,114,Mairie,non,,
Les Halles Laissac,3.87665572976354,770797.614,43.6061966446183,6278964.5113,-,Place Alexandre Laissac,34000,0,Montpellier,intérieur,oui,non,non,0, , , ,7j/7,Heures ouvrables, ,334 67 34 70 00, , ,2019-12-01,En fonctionnement, ,ZOLL, , ,AED PLUS,X19J215360, , ,2021-08-17,2024-12-28,2024-12-01,Tous les ans, ,2019-12-01,213401722,personne morale,334 67 34 70 00, ,mairie@ville-montpellier.fr, ,115,Mairie,non,,
Salle Guillaume-de-Nogaret,3.87039545403024,770284.7395,43.6121743782168,6279623.2408,-,rue Pitot,34000,34172,Montpellier,intérieur,non,non,non,0, , , ,"lundi, mardi, mercredi, jeudi, vendredi",Heures ouvrables, ,334 67 34 71 33, , ,2019-12-01,En fonctionnement, ,ZOLL, , ,AED PLUS,X19J215488, , ,2021-08-17,2024-12-28,2024-12-01,Tous les ans, ,2019-12-01,213401722,personne morale,334 67 34 70 00, ,mairie@ville-montpellier.fr, ,116,Mairie,non,,
Maison pour tous Georges Brassens,3.81801006500697,766020.2207,43.6421717315658,6282911.6888,-,Place Jacques-Brel,34080,0,Montpellier,intérieur,non,non,oui,0, , , ,"lundi, mardi, mercredi, jeudi, vendredi",Heures ouvrables, ,334 67 40 40 11, , ,2019-12-01,En fonctionnement, ,ZOLL, , ,AED PLUS,X19J215732, , ,2021-08-17,2024-12-28,2024-12-01,Tous les ans, ,2019-12-01,213401722,personne morale,334 67 34 70 00, ,mairie@ville-montpellier.fr, ,117,Mairie, ,,
STADE Y. DU MANOIR,3.85003952477294,768663.27,43.5936066049919,6277541.83, ,avenue de la Vannière,0,34172,Montpellier, , , , ,0, , , , , , ,334 67 13 60 00, , , , , , , , , , , , , , , , , , , , , , , , ,46,Métropole, ,,
Zoo de Lunaret,3.87322582931372,770478.6004,43.6403947990802,6282761.9414,50,avenue agropolis,34090,34172,Montpellier,intérieur,non,non,non,0,sac 1, , ,"mardi, mercredi, jeudi, vendredi, samedi, dimanche",Heures ouvrables, ,334 67 54 45 20, , ,2013-07-1,En fonctionnement, ,ZOLL, , ,AED PLUS,X13D599837, ,oui,2021-03-02,2023-09-09,2022-07-01,tous les ans, ,2019-04-16,213401722,personne morale,334 67 34 70 00, ,mairie@ville-montpellier.fr,CORNIER,0,Mairie,non,,
Zoo de Lunaret,3.87324728568983,770480.3965,43.6403423899249,6282756.1363,50,avenue agropolis,34090,34172,Montpellier,intérieur,non,non,non,0,Ambulance, , ,"mardi, mercredi, jeudi, vendredi, samedi, dimanche",Heures ouvrables, ,334 67 54 45 20, , ,2013-07-1,En fonctionnement, ,ZOLL, , ,AED PLUS,X13D599630, ,oui,2021-03-16,2023-09-09,2022-11-1,Tous les ans, , ,213401722,personne morale,334 67 34 70 00, ,mairie@ville-montpellier.fr,CORNIER,0,Mairie,non,,
DAE EXTERIEUR COMEDIE - COMMISSARIAT POLICE,3.88166695350884,771198.1392,43.6095475084495,6279341.4079,2,Allée Jules Milhau,34000,34172,Montpellier,extérieur,oui,non,non,0, , , ,7j/7,24h/24, ,334 67 34 70 26, , ,2019-04-09,En fonctionnement, ,ZOLL, , ,AED PLUS,X18J066406, , ,2020-09-22,2024-01-06,2024-04-01,Tous les ans,oui,2019-04-09,213401722,personne morale,334 67 34 70 00, ,mairie@ville-montpellier.fr,AUJOULAT LOIC,52,Mairie,non,,
Maison pour tous L'Escoutaïre,3.88435184442179,771432.4927,43.5954502975362,6277777.1655,67,rue des Razeteurs,34070,34172,Montpellier,intérieur,non,non,oui,0, , , ,"lundi, mardi, mercredi, jeudi, vendredi",Heures ouvrables, ,334 67 65 32 70, , ,2019-11-15,En fonctionnement, ,ZOLL, , ,AED PLUS,X17H948878, , ,2021-05-25,2023-09-16,2024-11-01,Tout les ans, ,2019-11-15,213401722,personne morale,334 67 34 70 00, ,mairie@ville-montpellier.fr, ,56,Mairie,non,,
Vestiaire/tribune CLAUDE BEAL,3.89668282061293,772433.8637,43.5911769531706,6277313.4861,419,avenue du Dr Jacques Fourcade 34000 Montpellier,34000,34172,MONTPELLIER,intérieur,non,non,non,0,Dae dans le couloir des vestiaires, , ,"lundi, mardi, mercredi, jeudi, vendredi",Heures ouvrables, ,334 67 65 70 86, , ,2019-11-01,En fonctionnement, ,ZOLL, , ,AED PLUS,X19J212194, , ,2021-10-26,2024-11-03,2024-11-01,Tout les ans, ,2019-11-01,213401722,personne morale,334 67 34 70 00, ,mairie@ville-montpellier.fr, ,57,Mairie,non,,
Salle de sport Petit bard,3.83642322163493,767535.7598,43.6171136119684,6280142.5036,1184,Rue Paul Rimbaud,34000,34172, ,intérieur,non,non,non,0, , , ,"lundi, mardi, mercredi, jeudi, vendredi",Heures ouvrables, ,334 67 45 21 89, , ,2019-11-01,En fonctionnement, ,ZOLL, , ,AED PLUS,X19J212208, , ,2021-10-26,2024-11-03,2024-11-01,Tout les ans, ,2019-11-01,213401722,personne morale,334 67 34 70 00, ,mairie@ville-montpellier.fr, ,58,Mairie,non,,
Gymnase François Rabelais,3.83249755768483,767208.0816,43.6262609664851,6281155.7218, ,Avenue de Malbosc,34000,34172,Montpellier,intérieur,non,non,non,0, , , ,"lundi, mardi, mercredi, jeudi, vendredi",Heures ouvrables, ,334 99 63 46 29, , ,2019-11-01,En fonctionnement, ,ZOLL, , ,AED PLUS,X19J212204, , ,2021-10-26,2024-11-03,2019-11-01,tous les ans, ,2019-11-01,213401722,personne morale,334 67 34 70 00, ,mairie@ville-montpellier.fr, ,59,Mairie,non,,
Gymnase Marcel Cerdan,3.84723629666258,768429.7525,43.5995531419481,6278200.2597,260,rue du Pas-Du-Loup,34070,34172,Montpellier,intérieur,non,non,non,0, , , ,"lundi, mardi, mercredi, jeudi, vendredi",Heures ouvrables, ,334 67 42 68 16, , ,2019-11-01,En fonctionnement, ,ZOLL, , ,AED PLUS,X19J214096, , ,2021-10-26,2024-11-03,2024-11-01,Tous les ans, ,2019-11-01,213401722,personne morale,334 67 34 70 00, ,mairie@ville-montpellier.fr, ,0,Mairie,non,,
Gymnase Roger Couderc,3.86958483277162,770237.6088,43.5972023004916,6277958.625, ,Avenue Villeneuve d'Angoulème,34070,34172,Montpellier,intérieur,non,non,non,0, , , ,"lundi, mardi, mercredi, jeudi, vendredi",Heures ouvrables, ,334 67 42 61 77, , ,2019-11-01,En fonctionnement, ,ZOLL, , ,AED PLUS,X19J214159, , ,2021-10-26,2024-11-03,2024-11-01,Tout les ans, ,2019-11-01,213401722,personne morale,334 67 34 70 00, ,mairie@ville-montpellier.fr, ,0,Mairie,non,,
Gymnase Les Arts,3.88251807333355,771256.3408,43.6180224805144,6280284.0187, ,Rue de Substantion,34000,34172,Montpellier,intérieur,non,non,non,0, , , ,"lundi, mardi, mercredi, jeudi, vendredi",Heures ouvrables, ,334 67 79 76 77, , ,2019-11-01,En fonctionnement, ,ZOLL, , ,AED PLUS,X19J214149, , ,2021-10-26,2024-11-03,2024-11-01,Tous les ans, ,2019-11-01,213401722,personne morale,334 67 34 70 00, ,mairie@ville-montpellier.fr, ,0,Mairie,non,,
Gymnase Les Garrigues,3.81542066540721,765811.1935,43.6422140271842,6282914.2276, ,avenue du Comté-de-Nice,34080,34172,Montpellier,intérieur,non,non,non,0, , , ,"lundi, mardi, mercredi, jeudi, vendredi",Heures ouvrables, ,334 67 61 94 85, , ,2019-11-01,En fonctionnement, ,ZOLL, , ,AED PLUS,X19J214439, , ,2021-10-26,2024-11-03,2024-11-01,Tous les ans, ,2019-11-01,213401722,personne morale,334 67 34 70 00, ,mairie@ville-montpellier.fr, ,0,Mairie,non,,
Gymnase Bessière,3.90819879603806,773337.2868,43.6121384500637,6279653.6276,175,rue Edouard-Villalonga,34000,34172,Montpellier,intérieur,non,non,non,0, , , ,"lundi, mardi, mercredi, jeudi, vendredi",Heures ouvrables, ,334 67 81 45 95, , ,2019-11-01,En fonctionnement, ,ZOLL, , ,AED PLUS,X19J214405, , ,2021-10-26,2024-11-03,2024-11-01,Tous les ans, ,2019-11-01,213401722,personne morale,334 67 34 70 00, ,mairie@ville-montpellier.fr, ,0,Mairie,non,,
Gymnase Arthur Rimbaud,3.82311817059698,766461.8516,43.616812102488,6280097.7068, ,Rue Mohamed V,34080,34172,Montpellier,intérieur,non,non,non,0, , , ,"lundi, mardi, mercredi, jeudi, vendredi",Heures ouvrables, ,334 67 52 30 80, , ,2019-11-01,En fonctionnement, ,ZOLL, , ,AED PLUS,X19J214427, , ,2021-10-26,2024-11-03,2024-11-01,tous les ans, ,2019-11-01,213401722,personne morale,334 67 34 70 00, ,mairie@ville-montpellier.fr, ,66,Mairie, ,,
Maison Pour Tous Jean-Pierre Caillens,3.87701683401441,770857.8663,43.5810091230333,6276165.6473, ,Place de Tibériade,34070,34172,Montpellier,non,non,non,non,0, , , ,"lundi, mardi, mercredi, jeudi, vendredi",Heures ouvrables, ,334 67 42 63 04, , ,2019-11-01,En fonctionnement, ,ZOLL, , ,AED PLUS,X19J214063, , ,2021-10-26,2024-11-03,2024-11-01,Tous les ans, ,2019-11-01,213401722,Personne morale,334 67 34 70 00, ,mairie@ville-montpellier.fr, ,67,Mairie,non,,
Maison pour tous Rosa-Lee Parks,3.83366483448939,767293.4256,43.6338355023598,6281998.4878,10,rue François-Henri d'Harcourt,34080,34172,Montpellier,intérieur,non,non,oui,0, , , ,"lundi, mardi, mercredi, jeudi, vendredi",Heures ouvrables, ,334 67 66 34 99, , ,2019-11-01,En fonctionnement, ,ZOLL, , ,AED PLUS,X19J212238, , ,2021-10-26,2024-11-03,2024-11-01,Tous les ans, ,2019-11-01,213401722,personne morale,334 67 34 70 00, ,mairie@ville-montpellier.fr, ,68,Mairie,non,,
MUSEE FABRE,3.88015207315543,771073.12,43.6117202906494,6279581.51,13,rue Montpelliéret,0,34172,Montpellier, , , , ,0, , , , , , ,"
334 67 14 83 00", , , , , , , , , , , , , , , , , , , , , , , , ,51,Métropole, ,,
Maison pour tous Voltaire,3.88872580812943,771774.9996,43.6040683970361,6278738.8896,3,Square Jean Monnet,34070,34172,Montpellier,intérieur,non,non,oui,0, , , ,"lundi, mardi, mercredi, jeudi, vendredi",Heures ouvrables, ,334 99 52 68 45, , ,2019-11-01,En fonctionnement, ,ZOLL, , ,AED PLUS,X19J212234, , ,2021-10-26,2024-11-03,2024-11-01,Tous les ans, ,2019-11-01,213401722,personne morale,334 67 34 70 00, ,mairie@ville-montpellier.fr, ,70,Mairie,non,,
Maison pour tous Frédéric Chopin,3.88400486812068,771378.6118,43.6162308803064,6280086.2574,1,rue du Marché aux Bestiaux,34000,34172,Montpellier,intérieur,non,non,oui,0, , , ,"lundi, mardi, mercredi, jeudi, vendredi",Heures ouvrables, ,334 34 46 67 87, , ,2019-11-01,En fonctionnement, ,ZOLL, , ,AED PLUS,X19J214345, , ,2021-10-26,2024-11-03,2024-11-01,Tous les ans, ,2019-11-01,213401722,personne morale,334 67 34 70 00, ,mairie@ville-montpellier.fr, ,71,Mairie,non,,
Maison pour tous Paul-Emile-Victor,3.84255912284741,768022.5052,43.6244248427081,6280960.2852,1247,avenue du Professeur Louis Ravas,34080,34172,Montpellier,intérieur,non,non,oui,0, , , ,"lundi, mardi, mercredi, jeudi, vendredi",Heures ouvrables, ,334 99 58 13 58, , ,2019-11-01,En fonctionnement, ,ZOLL, , ,AED PLUS,X19J212187, , ,2021-10-26,2024-11-03,2024-11-01,Tous les ans, ,2019-11-01,213401722,personne morale,334 67 34 70 00, ,mairie@ville-montpellier.fr, ,69,Mairie,non,,
Maison pour tous Marcel Pagnol,3.85053159022006,768693.6185,43.6014566179891,6278414.6615,64,route de Lavérune,34070,34172,Montpellier,intérieur,non,non,oui,0, , , ,"lundi, mardi, mercredi, jeudi, vendredi",Heures ouvrables, ,334 67 42 98 51, , ,2019-11-01,En fonctionnement, ,ZOLL, , ,AED PLUS,X19J214039, , ,2021-10-26,2024-11-03,2024-11-01,Tous les ans, ,2019-11-01,213401722,personne morale,334 67 34 70 00, ,mairie@ville-montpellier.fr, ,73,Mairie,non,,
Maison pour tous Joseph Ricôme - Théàtre G.Philippe,3.86626314548635,769955.6773,43.6083935346071,6279199.3956,7,rue Pagès,34070,34172,Montpellier,intérieur,non,non,oui,0, , , ,"lundi, mardi, mercredi, jeudi, vendredi",Heures ouvrables, ,334 67 58 71 96, , ,2019-11-01,En fonctionnement,-,ZOLL, , ,AED PLUS,X19J214486, , ,2021-10-26,2024-11-03,2024-11-01,Tous les ans, ,2019-11-01,213401722,personne morale,334 67 34 70 00, ,mairie@ville-montpellier.fr, ,74,Mairie,non,,
Maison pour tous Michel Colucci,3.84033498625857,767879.3042,43.5936880350957,6277542.4891,205,rue de Cheng Du,34070,34172,Montpellier,intérieur,non,non,oui,0, , , ,"lundi, mardi, mercredi, jeudi, vendredi",Heures ouvrables, ,334 67 42 52 85, , ,2019-11-01,En fonctionnement, ,ZOLL, , ,AED PLUS,X19J214412, , ,2021-10-26,2024-11-03,2024-11-01,Tous les ans, ,2019-11-01,213401722,personne morale,334 67 34 70 00, ,mairie@ville-montpellier.fr, ,75,Mairie,non,,
Ecole maternelle François-Mitterrand,3.83185886973498,767151.9784,43.6301415539281,6281586.4357,1330,rue Henri Lagattu,34080,34172,Montpellier,intérieur,non,non,non,0, , , ,"lundi, mardi, mercredi, jeudi, vendredi",Heures ouvrables,Fermeture possible pendant les vacances scolaires,334 99 74 72 80, , ,2019-12-01,En fonctionnement, ,ZOLL, , ,AED PLUS,X19J215889, , ,2021-08-17,2024-12-28,2024-12-01,Tous les ans, ,2019-12-01,213401722,personne morale,334 67 34 70 00, ,mairie@ville-montpellier.fr, ,77,Mairie,non,,
Ecole élementaire Chengdu,3.9041728175217,773028.9006,43.5990169701507,6278191.673,74,74 rue Ray Charles,34000,34172,Montpellier,intérieur,non,non,non,0, , , ,"lundi, mardi, mercredi, jeudi, vendredi",Heures ouvrables,Fermeture possible pendant les vacances scolaires,334 67 22 64 20, , ,2019-12-1,En fonctionnement, ,ZOLL, , ,AED PLUS,X19J215898, , ,2021-08-17,2024-12-28,2024-12-01,Tous les ans, ,2019-12-01,213401722,personne morale,334 67 34 70 00, ,mairie@ville-montpellier.fr, ,78,Mairie,non,,
Ecole élémentaire Painleve et maternelle Louise-Michel,3.89820129835213,772532.3345,43.6103086585132,6279441.0446,501,avenue de la Pompignane,34000,34172,Montpellier,intérieur,non,non,non,0,DAE sur Ecole PAINLEVE, , ,"lundi, mardi, mercredi, jeudi, vendredi",Heures ouvrables,Fermeture possible pendant les vacances scolaires,334 67 65 73 72, , ,2019-12-01,En fonctionnement, ,ZOLL, , ,AED PLUS,X19J215303, , ,2021-08-17,2024-12-24,2024-12-01,Tous les ans, ,2019-12-01,213401722,personne morale,334 67 34 70 00, ,mairie@ville-montpellier.fr, ,80,Mairie,non,,
Ecole élémentaire André Malraux,3.90796877117967,773331.1845,43.6023794136883,6278568.8691,-,rue Joan Miro,34000,34172,Montpellier,intérieur,non,non,non,0, , , ,"lundi, mardi, mercredi, jeudi, vendredi",Heures ouvrables,Fermeture possible pendant les vacances scolaires,334 67 20 35 50, , ,2019-12-01,En fonctionnement, ,ZOLL, , ,AED PLUS,X19J214236, , ,2021-08-17,2024-12-28,2024-12-01,Tous les ans, ,2019-12-01,213401722,personne morale,334 67 34 70 00, ,mairie@ville-montpellier.fr, ,81,Mairie,non,,
Ecole maternelle Aliénor-d'Aquitaine - Ecole élémentaire Ronsard,3.86476856812559,769859.3825,43.5883499187015,6276970.5507,694 -700,rue Jacques-Bounin,34070,34172,Montpellier,intérieur,non,non,non,0, , , ,"lundi, mardi, mercredi, jeudi, vendredi",Heures ouvrables,Fermeture possible pendant les vacances scolaires,334 67 27 46 12,334 67 27 82 03, ,2019-12-01,En fonctionnement, ,ZOLL, , ,AED PLUS,X19J215747, , ,2021-08-17,2024-12-28,2024-12-01,Tous les ans, ,2019-12-01,213401722,personne morale,334 67 34 70 00, ,mairie@ville-montpellier.fr, ,82,Mairie,non,,
Ecole maternelle Hélène-Boucher - Ecole élémentaire Alain Savary,3.83960207154238,767816.7323,43.5965413645581,6277858.9623,240,quai Flora Tristan,34070,34172,Montpellier,intérieur,non,non,non,0,DAE sur Ecole Hélène BOUCHER, , ,"lundi, mardi, mercredi, jeudi, vendredi",Heures ouvrables,Fermeture possible pendant les vacances scolaires,334 67 42 52 84,334 67 42 02 57, ,2019-12-01,En fonctionnement, ,ZOLL, , ,AED PLUS,X19J215293, , ,2021-08-17,2024-12-28,2024-12-01,Tous les ans, ,2019-12-01,213401722,personne morale,334 67 34 70 00, ,mairie@ville-montpellier.fr, ,89,Mairie,non,,
PATINOIRE VEGAPOLIS,3.91489064198098,773889.5,43.602921092364,6278635.52, ,Place de France,0,34172,Montpellier, , , , ,0, , , , , , ,334 99 52 26 00, , , , , , , , , , , , , , , , , , , , , , , , ,48, , ,,
CAP OMEGA,3.91427706563654,773819.76,43.6186093179109,6280378.41, ,rond point Benjamin Franklin,0,34172,Montpellier, , , , ,0, , , , , , ,"
334 67 59 30 01", , , , , , , , , , , , , , , , , , , , , , , , ,49,Métropole, ,,
Maison de la Démocratie,3.87908236528558,770994.66,43.6053221062472,6278869.5,16,rue de la République,34000,34172,Montpellier,intérieur,oui,non,oui,0, , , ,"lundi, mardi, mercredi, jeudi, vendredi",Heures ouvrables, ,334 67 34 88 00, , ,2017-12-1,En fonctionnement, ,ZOLL, , ,AED PLUS,X17H948876, ,oui,2021-02-09,2023-01-14,2022-12-1,tous les ans, ,2019-04-16,213401722,personne morale,334 67 34 70 00, ,mairie@ville-montpellier.fr,AUJOULAT Loic,1,Mairie,non,,
Cimetière Saint-Lazare,3.89042519654181,771884.7545,43.6259993549014,6281177.6684,2,Rond-point du Souvenir Francais,34000,34172,Montpellier,intérieur,non,oui,oui,0, , , ,"lundi, mardi, mercredi, jeudi, vendredi, samedi, dimanche",Heures ouvrables, ,334 34 88 91 88, , ,2013-06-01,En fonctionnement, ,ZOLL, , ,AED PLUS,X13D599880, ,oui,2021-05-25,2023-02-18,2022-12-1,tous les ans, ,2019-09-10,213401722,Personne morale,334 67 34 70 00, ,mairie@ville-montpellier.fr,Liess Sid,36,Mairie,non,,
S.F.M.A.,3.93573865229816,775556.47,43.615604406629,6280064.77, ,avenue albert Einstein,0,34172,Montpellier, , , , ,0, , , , , , ,"
334 67 22 83 78", , , , , , , , , , , , , , , , , , , , , , , , ,50, , ,,
DOMAINE DE LA PROVIDENCE,3.85389338631754,768980.54,43.5886305715036,6276992.18,1784, avenue de Toulouse,0,34172,Montpellier, , , , ,0, , , , , , ,"
334 99 64 25 80", , , , , , , , , , , , , , , , , , , , , , , , ,53, , ,,
RDC PAVILLON JUNON,3.89083244223548,771939.99,43.6081660487656,6279196.19,50,Place Zeus,0,34172,Montpellier, , , , ,0, , , , , , ,"
334 67 13 69 27", , , , , , , , , , , , , , , , , , , , , , , , ,54, , ,,
RDC PAVILLON ZEUS,3.89081690272683,771939.11,43.607867073982,6279162.95,50,Place Zeus,0,34172,Montpellier, , , , ,0, , , , , , ,"
334 67 13 69 27", , , , , , , , , , , , , , , , , , , , , , , , ,55, , ,,
PAVILLON ZEUS (Salle Marianne),3.8909210790639,771947.3866,43.6079754857748,6279175.093,50,Place Zeus,0,34172,Montpellier, , , , ,0, , , , , , ,"
334 67 13 69 27", , , , , , , , , , , , , , , , , , , , , , , , ,58, , ,,
E.S.B.A.M.A.,3.88438057985894,771408.06,43.6169436621472,6280165.81,130,rue Yehudi,0,34172,Montpellier, , , , ,0, , , , , , ,"
334 99 58 32 87", , , , , , , , , , , , , , , , , , , , , , , , ,56, , ,,
MONTPELLIER DANCE,3.87836845320669,770926.29,43.6139907693126,6279832.23,18,rue Sainte Ursule,0,34172,Montpellier, , , , ,0, , , , , , ,"
334 67 60 83 60", , , , , , , , , , , , , , , , , , , , , , , , ,57, , ,,
TAM,3.88022105891879,771082.13,43.6089439482991,6279273.03, ,Parking comédie centre ville,0,34172,Montpellier, , , , ,0, , , , , , ,334 67 07 63 79, , , , , , , , , , , , , , , , , , , , , , , , ,60, , ,,
TAM,3.8823869996754,771250.72,43.614027141943,6279839.89, ,Parking Corum,0,34172,Montpellier, , , , ,0, , , , , , ,334 67 07 63 79, , , , , , , , , , , , , , , , , , , , , , , , ,61, , ,,
CRR,3.87409663236646,770585.74,43.6104339147789,6279433.12,14,rue Eugène Lisbonne,0,34172,Montpellier, , , , ,0, , , , , , ,"
334 67 66 88 46", , , , , , , , , , , , , , , , , , , , , , , , ,59,Métropole, ,,
"Université Montpellier 1 UFR d'Economie  (1er étage, à côté des bureaux de l'administration)",3.89956526846159,772650.81,43.6037249115369,6278710.63, ,avenue raymond Dugrand,0,34172,Montpellier, , , , ,0, , , , , , ,334 34 43 24 44, , , , , , , , , , , , , , , , , , , , , , , , ,65, , ,,
"Université Montpellier 1 UFR AES (1er étage, en face de la salle des professeurs)",3.89991647950113,772679.96,43.6031038239536,6278641.93, ,Espace richter  avenue raymond Dugrand,0,34172,Montpellier, , , , ,0, , , , , , ,334 34 43 23 33, , , , , , , , , , , , , , , , , , , , , , , , ,66, , ,,
Université Montpellier 1 ISEM IPAG (Loge),3.8990452616492,772608.14,43.6042583122995,6278769.43, ,Espace richter Bât b Vendémiaire,0,34172,Montpellier, , , , ,0, , , , , , ,334 67 15 85 46, , , , , , , , , , , , , , , , , , , , , , , , ,64, , ,,
Université Montpellier 1 Services Mutualisés Richter PC Securité,3.89848332737752,772562.86,43.6041787367752,6278760.07, ,"Espace richter Bât E, BIU, MdE, rue  Vendémiaire",0,34172,Montpellier, , , , ,0, , , , , , , , , , , , , , , , , , , , , , , , , , , , , , , ,63, , ,,
Université Montpellier 1 UFR Droit (accueil bâtiment1),3.87717348844078,770829.72,43.6140581900109,6279838.65,39,rue de l'université,0,34172,Montpellier, , , , ,0, , , , , , ,334 67 61 54 00, , , , , , , , , , , , , , , , , , , , , , , , ,67, , ,,
Université Montpellier 1 UFR Droit (accueil bâtiment2),3.87633524704572,770762.28,43.6138609616681,6279815.98, , ,0,34172,Montpellier, , , , ,0, , , , , , , , , , , , , , , , , , , , , , , , , , , , , , , ,68, , ,,
Université Montpellier 1 UFR Médecine (Loge bâtiment Historique),3.87354908506104,770538.43,43.6129518919493,6279712.46,2,rue Ecole de Médecine,0,34172,Montpellier, , , , ,0, , , , , , ,334 67 60 10 00, , , , , , , , , , , , , , , , , , , , , , , , ,69, , ,,
Université Montpellier 1 UFR Médecine(Loge Institut biologie),3.87409703065037,770580.07,43.6150688295983,6279948.21, , ,0,34172,Montpellier, , , , ,0, , , , , , , , , , , , , , , , , , , , , , , , , , , , , , , ,70, , ,,
Université Montpellier 1 UFR Odontologie (Hall Premier Etage Bât A),3.82353503787645,766472.98,43.6362496909879,6282258.2,545,avenue du Professeur J.L Viala,0,34172,Montpellier, , , , ,0, , , , , , ,334 67 10 44 70, , , , , , , , , , , , , , , , , , , , , , , , ,71, , ,,
Université Montpellier 1 UFR Pharmacie (LogeBât A),3.86189867362492,769585.23,43.6232361057971,6280845.03,15,avenue Charles Flahault,0,34172,Montpellier, , , , ,0, , , , , , ,334 67 54 80 00, , , , , , , , , , , , , , , , , , , , , , , , ,72, , ,,
Université Montpellier 1 UFR Pharmacie (Galerie à côté de la pharmacie expérimentale),3.8603402170245,769460.85,43.6220496076373,6280711.8, , ,0,34172,Montpellier, , , , ,0, , , , , , , , , , , , , , , , , , , , , , , , , , , , , , , ,73, , ,,
Université Montpellier 1 UFR Staps (Bâtiment A),3.85386508994242,768915.52,43.640831380761,6282793.37,700,avenue du Pic Saint-Loup,0,34172,Montpellier, , , , ,0, , , , , , ,334 67 41 57 00, , , , , , , , , , , , , , , , , , , , , , , , ,74, , ,,
Université Montpellier 1  UFR Staps (P1),3.84875777279032,768505.12,43.6393278747054,6282621.84, , ,0,34172,Montpellier, , , , ,0, , , , , , , , , , , , , , , , , , , , , , , , , , , , , , , ,75, , ,,
MEDIATHEQUE E.ZOLA,3.89315694705602,772127.3,43.608483862643,6279233.63,218,Bd de l'aéroport International,0,34172,Montpellier, , , , ,0, , , , , , ,"
334 67 34 87 00", , , , , , , , , , , , , , , , , , , , , , , , ,52,Métropole, ,,
Université Montpellier 1  UFR Staps (Palais des Sports),3.84872343140147,768501.31,43.640197118504,6282718.41, , ,0,34172,Montpellier, , , , ,0, , , , , , , , , , , , , , , , , , , , , , , , , , , , , , , ,76, , ,,
Université Montpellier 2 PC Securite,3.86080921105514,769486.6,43.6320479085899,6281823.34, , ,0,34172,Montpellier, , , , ,0, , , , , , ,334 67 14 31 11, , , , , , , , , , , , , , , , , , , , , , , , ,77, , ,,
Université Montpellier 2 Secrétariat IAE,3.86173928351398,769561.21,43.6324310691736,6281866.74, ,place Eugène Bataillon,0,34172,Montpellier, , , , ,0, , , , , , ,334 67 14 31 11, , , , , , , , , , , , , , , , , , , , , , , , ,79, , ,,
Université Montpellier 2 Couloir  de la présidence 1er étage,3.86403642262064,769747.04,43.6320955526935,6281831.48, , ,0,34172,Montpellier, , , , ,0, , , , , , ,334 67 14 31 11, , , , , , , , , , , , , , , , , , , , , , , , ,78, , ,,
Université Montpellier 2 Laboratoire AREVA,3.86719128633918,769999.33,43.6340354985462,6282049.86, , ,0,34172,Montpellier, , , , ,0, , , , , , ,334 67 14 31 11, , , , , , , , , , , , , , , , , , , , , , , , ,80, , ,,
UniversitéMontpellier 2 SCOPPS,3.8665193877703,769946.43,43.6329423332129,6281927.78, , ,0,34172,Montpellier, , , , ,0, , , , , , ,334 67 14 31 11, , , , , , , , , , , , , , , , , , , , , , , , ,81, , ,,
Université Montpellier 2 Laboratoire L2C,3.86500069981502,769824.35,43.6325272748877,6281880.31, , ,0,34172,Montpellier, , , , ,0, , , , , , ,334 67 14 31 11, , , , , , , , , , , , , , , , , , , , , , , , ,82, , ,,
Université  Montpellier 2  Centre Sportif Universitaire     Piscine,3.86372264420178,769718.46,43.6347707457061,6282128.5, , ,0,34172,Montpellier, , , , ,0, , , , , , ,334 67 14 31 11, , , , , , , , , , , , , , , , , , , , , , , , ,86, , ,,
Université Montpellier 2  Centre Sportif Universitaire Gymnase,3.8641198049599,769750.93,43.6344311397566,6282091.11, ,rue Emile Jeanbreau,0,34172,Montpellier, , , , ,0, , , , , , ,334 67 14 31 11, , , , , , , , , , , , , , , , , , , , , , , , ,85, , ,,
Université Montpellier 2 HALL IEM,3.86621604792164,769919.42,43.6350134802475,6282157.68, , ,0,34172,Montpellier, , , , ,0, , , , , , ,334 67 14 31 11, , , , , , , , , , , , , , , , , , , , , , , , ,84, , ,,
Universite paul valery montpellier 3 Loge Entrée,3.8698729699205,770219.38,43.631099676961,6281725.98, ,aenue Val de montferrand,0,34172,Montpellier, , , , ,0, , , , , , ,334 67 14 55 23, , , , , , , , , , , , , , , , , , , , , , , , ,88, , ,,
Universite paul valery  montpellier 3  batiment Marc Bloch,3.86914573260106,770158.67,43.632740409527,6281907.67, ,route de mende,0,34172,Montpellier, , , , ,0, , , , , , ,334 67 14 55 23, , , , , , , , , , , , , , , , , , , , , , , , ,89, , ,,
Université Paul Valéry  montpellier 3 Site Saint Charles  Loge Entrée,3.87378575738926,770553.1,43.616562438846,6280113.92, ,rue du Professeur Henri Serre,0,34172,Montpellier, , , , ,0, , , , , , ,334 67 14 55 23, , , , , , , , , , , , , , , , , , , , , , , , ,90, , ,,
Montpellier Ecole National Supérieure de Chimie,3.86759227817794,770047.81,43.6208396376922,6280583.74,8,rue de l'école Normale,0,34172,Montpellier, , , , ,0, , , , , , ,334 67 14 72 83, , , , , , , , , , , , , , , , , , , , , , , , ,91, , ,,
Montpellier Ecole National Supérieure de Chimie (Laboratoire),3.83738327819023,767589.63,43.6371761102564,6282372.91,104, rue de la galéra,0,34172,Montpellier, , , , ,0, , , , , , ,334 67 14 72 83, , , , , , , , , , , , , , , , , , , , , , , , ,92, , ,,
Montpellier Ecole National Supérieure de Chimie,3.83828532267566,767661.97,43.6375711160617,6282417.58,220, rue de la galéra,0,34172,Montpellier, , , , ,0, , , , , , ,334 67 14 72 83, , , , , , , , , , , , , , , , , , , , , , , , ,93, , ,,
CROUS de MONTPELLIER Restaurants Universitaires  Boutonnet,3.8694077952186,770191.16,43.6234756755059,6280878.3,2, rue Emile Duployé  MONTPELLIEr Cedex,0,34172,Montpellier, , , , ,0, , , , , , ,334 67 63 52 06, , , , , , , , , , , , , , , , , , , , , , , , ,94, , ,,
CROUS de MONTPELLIER Restaurants Universitaires Triolet,3.86018126793363,769436.95,43.6311912855421,6281727.59,106,avenue Profeseur Joseph anglada,0,34172,Montpellier, , , , ,0, , , , , , ,334 67 63 50 16, , , , , , , , , , , , , , , , , , , , , , , , ,95, , ,,
CROUS de MONTPELLIER Restaurants Universitaires Vert-Bois,3.87086356104298,770294.77,43.6348289563195,6282141.3,205, rue de la Chênaie,0,34172,Montpellier, , , , ,0, , , , , , ,334 67 63 66 45, , , , , , , , , , , , , , , , , , , , , , , , ,96, , ,,
CROUS de MONTPELLIER Services Centraux,3.87001131725213,770241.14,43.6224491764632,6280764.76,2, rue Monteil,0,34172,Montpellier, , , , ,0, , , , , , ,334 67 41 50 08, , , , , , , , , , , , , , , , , , , , , , , , ,98, , ,,
CROUS de MONTPELLIER Restaurants Universitaires Richter,3.89922794429122,772624.62,43.6028938366167,6278617.96,80, rue Brumaire,0,34172,Montpellier, , , , ,0, , , , , , ,334 67 15 84 47, , , , , , , , , , , , , , , , , , , , , , , , ,97, , ,,
CREPS,3.86618005450302,769935.9,43.6191123393872,6280390.53,2, avenue Charles Flahault,0,34172,Montpellier, , , , ,0, , , , , , , , , , , , , , , , , , , , , , , , , , , , , , , ,99, , ,,
Maison des sports (Sport Et Psychologie) Hérault Sport,3.86583327274774,769908.84,43.6183424189979,6280304.66,200, avenue du Père Soulas,0,34172,Montpellier, , , , ,0, , , , , , ,334 67 54 82 29, , , , , , , , , , , , , , , , , , , , , , , , ,100, , ,,
Hérault Sport,3.83559889989769,767440.33,43.6416646460533,6282870.2,747,avenue des apothicaires Parc Euromédecine,0,34172,Montpellier, , , , ,0, , , , , , ,334 67 54 82 29, , , , , , , , , , , , , , , , , , , , , , , , ,101, , ,,
Lycée Frédéric Bazille,3.86390111725397,769719.19,43.6460180785944,6283378.58,3224, route de Mende,0,34172,Montpellier, , , , ,0, , , , , , ,334 67 63 89 87, , , , , , , , , , , , , , , , , , , , , , , , ,103, , ,,
Lycée Jean Mermoz,3.89080547110243,771934.43,43.6108635011925,6279495.94,717, avenue Jean Mermoz,0,34172,Montpellier, , , , ,0, , , , , , ,334 67 20 60 00, , , , , , , , , , , , , , , , , , , , , , , , ,104, , ,,
Lycée Léonard de Vinci,3.82313205489235,766450.96,43.6271809942454,6281250.04, ,rue du Professeur Blayac,0,34172,Montpellier, , , , ,0, , , , , , ,334 67 10 40 10, , , , , , , , , , , , , , , , , , , , , , , , ,106, , ,,
Lycée Jules Ferry,3.84226725112952,768021.67,43.605252884695,6278829.4,270, avenue de la colline,0,34172,Montpellier, , , , ,0, , , , , , ,334 67 10 74 01, , , , , , , , , , , , , , , , , , , , , , , , ,105, , ,,
Caisse Primaire d'Assurance Maladie,3.87110913258834,770349.3,43.6065196452474,6278995.45,29, cours Gambetta,0,34172,Montpellier, , , , ,0, , , , , , ,334 99 52 54 49, , , , , , , , , , , , , , , , , , , , , , , , ,107, , ,,
Caisse Primaire d'Assurance Maladie,3.82126951487528,766294.8,43.6322019208238,6281806.46,90,allée almicare Calvetti,0,34172,Montpellier, , , , ,0, , , , , , ,334 99 52 54 49, , , , , , , , , , , , , , , , , , , , , , , , ,108, , ,,
Caisse d'assurance retraite et de la Santé au travail,3.87064337089253,770311.24,43.6068847469056,6279035.61,29, cours Gambetta,0,34172,Montpellier, , , , ,0, , , , , , ,334 67 12 94 72, , , , , , , , , , , , , , , , , , , , , , , , ,109, , ,,
Caisse d'assurance retraite et de la Santé au travail,3.91465549371452,773865.39,43.6068978788984,6279077.25,101,place pierre Duhem,0,34172,Montpellier, , , , ,0, , , , , , ,334 67 12 94 72, , , , , , , , , , , , , , , , , , , , , , , , ,110, , ,,
Préfecture de l'Hérault,3.87675684396933,770799.24,43.6114960548742,6279553.54,34,Place des Martyrs de la résistance,0,34172,Montpellier, , , , ,0, , , , , , ,334 67 61 60 45, , , , , , , , , , , , , , , , , , , , , , , , ,111, , ,,
Cour d'appel,3.87282077771908,770481.67,43.6112848768186,6279526.55,1, rue Foch,0,34172,Montpellier, , , , ,0, , , , , , ,334 34 08 81 92, , , , , , , , , , , , , , , , , , , , , , , , ,113, , ,,
Tribunal de grande instance,3.8691479289519,770186.42,43.6102006010178,6279402.78, ,Place Pierre Flotte,0,34172,Montpellier, , , , ,0, , , , , , ,334 67 12 61 09, , , , , , , , , , , , , , , , , , , , , , , , ,112, , ,,
Gare Sncf de Montpellier St Roch,3.88084499064934,771137.71,43.6047523711786,6278807.77,1, Place auguste Gibert,0,34172,Montpellier, , , , ,0, , , , , , ,336 25 91 00 28, , , , , , , , , , , , , , , , , , , , , , , , ,115, , ,,
Hotel de Police de Montpellier,3.89161634280513,772009.13,43.6035139140821,6278679.9,206, avenue du Comté de Melgueil,0,34172,Montpellier, , , , ,0, , , , , , ,334 99 13 50 00, , , , , , , , , , , , , , , , , , , , , , , , ,114, , ,,
Pharmacie de L'Europe,3.82007582238242,766187.28,43.6418758814019,6282880.54,2600, avenue de l'europe,0,34172,Montpellier, , , , ,0, , , , , , ,334 67 75 16 37, , , , , , , , , , , , , , , , , , , , , , , , ,116, , ,,
Pharmacie de l'ovalie,3.84964177363434,768629.43,43.5950384385676,6277700.61,2750, Boulevard Paul Valery,0,34172,Montpellier, , , , ,0, , , , , , ,334 67 27 71 72, , , , , , , , , , , , , , , , , , , , , , , , ,117, , ,,
Pharmacie Ravoire,3.86983035989801,770235.95,43.6147553694929,6279909.57,33, rue du Faubourg Saint JaUMES,0,34172,Montpellier, , , , ,0, , , , , , ,334 67 63 38 84, , , , , , , , , , , , , , , , , , , , , , , , ,118, , ,,
Citroen montpellier,3.88299726397185,771329.04,43.5906567896867,6277243.22,730, avenue des pres d'arenes,0,34172,Montpellier, , , , ,0, , , , , , ,334 67 12 67 01, , , , , , , , , , , , , , , , , , , , , , , , ,119, , ,,
Grand Garage de l'Hérault Peugeot Montpellier  (commerce),3.88118577437497,771192.26,43.5829591232002,6276386.11,905, rue de l'industrie,34070,34172,Montpellier, , , , ,0, , , , , , ,334 67 06 25 02, , , , , , , , , , , , , , , , , , , , , , , , ,120, , ,,
Grand Garage de l'Hérault Peugeot Montpellier (atelier),3.88146333986189,771213.93,43.5835668518977,6276453.9,905, rue de l'industrie,34070,34172,Montpellier, , , , ,0, , , , , , ,334 67 06 25 02, , , , , , , , , , , , , , , , , , , , , , , , ,121, , ,,
Centre commercial Polygone  PC Sécurité  (es1 montpellier),3.88578386410133,771532.11,43.6083221374792,6279208.95,1, rue des Pertuisanes,0,34172,Montpellier, , , , ,0, , , , , , ,334 67 99 41 60, , , , , , , , , , , , , , , , , , , , , , , , ,122, , ,,
Fnac Montpellier,3.88567009594461,771522.66,43.608533084106,6279232.29,1, rue des Pertuisanes,0,34172,Montpellier, , , , ,0, , , , , , ,334 34 09 06 55, , , , , , , , , , , , , , , , , , , , , , , , ,123, , ,,
Galeries La Fayette,3.88553290689801,771512.11,43.6081092145638,6279185.06,1, rue des Pertuisanes,0,34172,Montpellier, , , , ,0, , , , , , ,334 67 64 83 00, , , , , , , , , , , , , , , , , , , , , , , , ,124, , ,,
Géant casino Prés d'Arènes (Pc Sécurité),3.88808520626918,771745.52,43.5862644458562,6276759.69,504, avenue du mas d'argelliers,0,34172,Montpellier, , , , ,0, , , , , , ,334 67 86 43 69, , , , , , , , , , , , , , , , , , , , , , , , ,125, , ,,
Géant casino Celleneuve (Pc Sécurité),3.83992050905989,767823.56,43.6125224311885,6279635.27,129, bis avenue de Lodève,0,34172,Montpellier, , , , ,0, , , , , , ,334 67 86 43 69, , , , , , , , , , , , , , , , , , , , , , , , ,126, , ,,
Centre Commercial Odysseum,3.92046111883039,774337.29,43.6045260380493,6278819.11,2, place de Lisbonne,0,34172,Montpellier, , , , ,0, , , , , , ,334 67 13 50 55, , , , , , , , , , , , , , , , , , , , , , , , ,127, , ,,
Magasin IKEA,3.92438334078154,774654.53,43.6041477471678,6278780.77, ,Odysseum,0,34172,Montpellier, , , , ,0, , , , , , , , , , , , , , , , , , , , , , , , , , , , , , , ,128, , ,,
Chronopost,3.86885456195379,770203.05,43.5772303288348,6275738.4,1129,  rue de la castelle,0,34172,Montpellier, , , , ,0, , , , , , ,334 67 99 11 03, , , , , , , , , , , , , , , , , , , , , , , , ,129, , ,,
DELL,3.91169364237597,773611.42,43.6184228878598,6280355.28,1, rond-point Benjamin Franklin,0,34172,Montpellier, , , , ,0, , , , , , ,06 58 57 85 24, , , , , , , , , , , , , , , , , , , , , , , , ,130, , ,,
France 3 Sud Montpellier,3.90921456014705,773416.2,43.6145659123288,6279924.34,10, allée John Napier,0,34172,Montpellier, , , , ,0, , , , , , ,334 67 20 30 40, , , , , , , , , , , , , , , , , , , , , , , , ,131, , ,,
France Telecom,3.83704296453264,767560.7,43.6384175373801,6282510.58,245, rue de la Galéra,0,34172,Montpellier, , , , ,0, , , , , , ,334 67 14 66 66, , , , , , , , , , , , , , , , , , , , , , , , ,132, , ,,
Sanofi Aventis,3.82943567841906,766964.21,43.6234283009483,6280838.32,371, rue professeur Blayac,0,34172,Montpellier, , , , ,0, , , , , , ,334 99 77 78 79, , , , , , , , , , , , , , , , , , , , , , , , ,133, , ,,
Veolia Eau,3.91517282386098,773900.47,43.6120967007913,6279655.49,765, rue Henri Becquerel,0,34172,Montpellier, , , , ,0, , , , , , ,334 67 20 73 73, , , , , , , , , , , , , , , , , , , , , , , , ,134, , ,,
Banque de France,3.85350131999517,768922.87,43.6102729686678,6279397.04,98, avenue de Lodève,0,34172,Montpellier, , , , ,0, , , , , , ,334 67 06 79 74, , , , , , , , , , , , , , , , , , , , , , , , ,135, , ,,
Mutuelle des motards,3.84315523323025,768049.23,43.6424574698295,6282964.79,1056, rue de la croix verte,0,34172,Montpellier, , , , ,0, , , , , , ,334 67 72 73 20, , , , , , , , , , , , , , , , , , , , , , , , ,136, , ,,
Mutuelle des motards,3.84351019571161,768077.19,43.6430362841049,6283029.42,1027, rue de la croix verte,0,34172,Montpellier, , , , ,0, , , , , , ,334 67 72 73 20, , , , , , , , , , , , , , , , , , , , , , , , ,137, , ,,
Groupama Sud,3.867481832318,770060.52,43.6031265540167,6278615.14, ,Place Jean antoine de Chaptal,0,34172,Montpellier, , , , ,0, , , , , , ,334 67 34 78 86, , , , , , , , , , , , , , , , , , , , , , , , ,138, , ,,
Montpellier beton SERVANT Prestations,3.89578184236649,772365.39,43.5877632340741,6276933.28,1,rue de la Première Écluse,0,34172,Montpellier, , , , ,0, , , , , , ,334 67 92 15 10, , , , , , , , , , , , , , , , , , , , , , , , ,139, , ,,
Hôtel IBIS Centre Comédie,3.88315926966268,771319.34,43.6089881351732,6279280.59, ,allée Jules Milhau,0,34172,Montpellier, , , , ,0, , , , , , ,334 99 13 29 99, , , , , , , , , , , , , , , , , , , , , , , , ,140, , ,,
Hôtel IBIS Montpellier Sud,3.89172751069681,772036.01,43.5892502415571,6277094.83,164, avenue palavas,0,34172,Montpellier, , , , ,0, , , , , , ,334 67 58 82 30, , , , , , , , , , , , , , , , , , , , , , , , ,141, , ,,
Hotel mercure,3.89407184291324,772200.6,43.6089445188651,6279285.66, ,Carrefour de l'aeroport,0,34172,Montpellier, , , , ,0, , , , , , ,334 67 20 63 63, , , , , , , , , , , , , , , , , , , , , , , , ,142, , ,,
Hotel mercure centre,3.8854753573672,771506.24,43.6090903135975,6279294.04, ,rue de la Spirale,0,34172,Montpellier, , , , ,0, , , , , , ,334 67 99 89 89, , , , , , , , , , , , , , , , , , , , , , , , ,143, , ,,
Hôtel NOVOTEL,3.89234988568983,772085.91,43.5895487282724,6277128.57,125, avenue Palavas,0,34172,Montpellier, , , , ,0, , , , , , ,334 99 52 34 34, , , , , , , , , , , , , , , , , , , , , , , , ,144, , ,,
CRS 56,3.90653256197039,773202.64,43.6122198713679,6279661.13,1, rue Louis Lépine,0,34172,Montpellier, , , , ,0, , , , , , ,334 67 13 17 00, , , , , , , , , , , , , , , , , , , , , , , , ,145, , ,,
Accueil clinique du millenaire Accueil,3.91375495574723,773798.87,43.6020754548258,6278540.48,220, bd penelope,0,34172,Montpellier, , , , ,0, , , , , , ,334 99 53 61 03, , , , , , , , , , , , , , , , , , , , , , , , ,146, , ,,
Accueil clinique du millenaire Urgences,3.91353994702831,773782.25,43.6014966056336,6278475.95,220, bd penelope,0,34172,Montpellier, , , , ,0, , , , , , ,334 99 53 61 03, , , , , , , , , , , , , , , , , , , , , , , , ,147, , ,,
Ametra,3.89226743701407,772056.63,43.6075603899477,6279130.19,201, place de Thessalie,0,34172,Montpellier, , , , ,0, , , , , , ,334 67 84 76 40, , , , , , , , , , , , , , , , , , , , , , , , ,148, , ,,
apec,3.89052747927575,771914.58,43.6087911382346,6279265.38,170, rue leon blum,0,34172,Montpellier, , , , ,0, , , , , , , , , , , , , , , , , , , , , , , , , , , , , , , ,149, , ,,
Arcade SFGE,3.89422319849901,772221.68,43.6019066429198,6278503.66, ,rue de la Constituante,0,34172,Montpellier, , , , ,0, , , , , , , , , , , , , , , , , , , , , , , , , , , , , , , ,150, , ,,
ASPM SECTION AFPS,3.91678045385988,774031.24,43.611353296793,6279574.38,1635, avenue albert Einstein,0,34172,Montpellier, , , , ,0, , , , , , , , , , , , , , , , , , , , , , , , , , , , , , , ,151, , ,,
Cafétéria UFR AES,3.89935221425315,772634.49,43.6030249922346,6278632.65,257-269,rue Vendémiaire,0,34172,Montpellier, , , , ,0, , , , , , , , , , , , , , , , , , , , , , , , , , , , , , , ,152, , ,,
Caisse MSA Languedoc,3.867250286063,770041.98,43.6029957689173,6278600.4,4, place Jean antoine de Chaptal,0,34172,Montpellier, , , , ,0, , , , , , , , , , , , , , , , , , , , , , , , , , , , , , , ,153, , ,,
Centre Mutualiste Neurologique PROPARA,3.83221035574634,767164.84,43.6433843141123,6283058.42,263, rue du Caducée,0,34172,Montpellier, , , , ,0, , , , , , , , , , , , , , , , , , , , , , , , , , , , , , , ,154, , ,,
Communaute d Agglomeration de Montpellier,3.89064145141298,771925.26,43.6076132315809,6279134.58,50, place Zeus,0,34172,Montpellier, , , , ,0, , , , , , , , , , , , , , , , , , , , , , , , , , , , , , , ,155, , ,,
D.D.S.I.S. HERAULT,3.86542464036371,769885.63,43.6103113008688,6279411.78,2, rue Duval-Jouve,0,34172,Montpellier, , , , ,0, , , , , , , , , , , , , , , , , , , , , , , , , , , , , , , ,156, , ,,
DDTM34 - site du Millénaire,3.91125187744154,773583.82,43.6121329795403,6279655.86,233, rue Guglielmo Marconi,0,34172,Montpellier, , , , ,0, , , , , , , , , , , , , , , , , , , , , , , , , , , , , , , ,157, , ,,
Ecole Supérieure Des Beaux Arts,3.88398301810422,771375.65,43.6171934501755,6280193.21,130, rue Yehudi Menuhin,0,34172,Montpellier, , , , ,0, , , , , , , , , , , , , , , , , , , , , , , , , , , , , , , ,158, , ,,
Faculté de Droit,3.87687940434081,770806.4,43.6137133197333,6279800.06, ,rue de l'Ecole Mage,0,34172,Montpellier, , , , ,0, , , , , , , , , , , , , , , , , , , , , , , , , , , , , , , ,159, , ,,
faculte de pharmacie,3.86185837760728,769581.11,43.6239507119399,6280924.41,15, avenue charles flahault,0,34172,Montpellier, , , , ,0, , , , , , , , , , , , , , , , , , , , , , , , , , , , , , , ,160, , ,,
fafsea,3.92771430517088,774915.08,43.6106200937034,6279503.21,2460, avenue albert einstein,0,34172,Montpellier, , , , ,0, , , , , , , , , , , , , , , , , , , , , , , , , , , , , , , ,161, , ,,
Hotel des impots,3.81969693135514,766167.7,43.6323422859628,6281820.74,10, rue de louvois,0,34172,Montpellier, , , , ,0, , , , , , , , , , , , , , , , , , , , , , , , , , , , , , , ,162, , ,,
Inset de Montpellier,3.89825153894021,772544.4,43.6039740534604,6278737.11,76, Place de la révolution,0,34172,Montpellier, , , , ,0, , , , , , , , , , , , , , , , , , , , , , , , , , , , , , , ,163, , ,,
maison agriculture,3.86633331762405,769966.84,43.6038860774514,6278698.53, ,place chaptal,0,34172,Montpellier, , , , ,0, , , , , , , , , , , , , , , , , , , , , , , , , , , , , , , ,164, , ,,
TALCO LR,3.90506059873315,773081.76,43.6138087342656,6279836.34,40, rue de Pinville,0,34172,Montpellier, , , , ,0, , , , , , , , , , , , , , , , , , , , , , , , , , , , , , , ,165, , ,,
Zenith Sud,3.93074699761313,775157.08,43.6128228687641,6279750.89, ,avenue albert Einstein,0,34172,Montpellier, , , , ,0, , , , , , , , , , , , , , , , , , , , , , , , , , , , , , , ,166, , ,,
Action d'Urgence Internationale,3.85255900020707,768866.87,43.593528824292,6277535.38,1401, rue de fontcouverte,0,34172,Montpellier, , , , ,0, , , , , , , , , , , , , , , , , , , , , , , , , , , , , , , ,168, , ,,
Cfpmea,3.89423706945795,772237.02,43.590608758839,6277248.1,501, des metairies de saysset,0,34172,Montpellier, , , , ,0, , , , , , , , , , , , , , , , , , , , , , , , , , , , , , , ,169, , ,,
Amphitheatre d'O,3.83507761857429,767405.95,43.6351213416664,6282142.59,121, rue de la Carriérasse,0,34172,Montpellier, , , , ,0, , , , , , , , , , , , , , , , , , , , , , , , , , , , , , , ,172, , ,,
Bâtiment k Iut montpellier 2,3.85149583197922,768731.25,43.6350358291583,6282147.24,139, avenue d'Occitanie,0,34172,Montpellier, , , , ,0, , , , , , , , , , , , , , , , , , , , , , , , , , , , , , , ,173, , ,,
Bibliotheque st charles,3.87258313923407,770457.26,43.6155361284741,6279998.79, ,rue auguste broussonnet,0,34172,Montpellier, , , , ,0, , , , , , , , , , , , , , , , , , , , , , , , , , , , , , , ,174, , ,,
Centre de formation professionnel croix rouge,3.83009542710286,766996.32,43.6415334938949,6282850.94, ,rue de la valesière,0,34172,Montpellier, , , , ,0, , , , , , , , , , , , , , , , , , , , , , , , , , , , , , , ,175, , ,,
CHRU,3.86151287229827,769546.37,43.6295976589593,6281551.66, ,avenue augustin Fliche,0,34172,Montpellier, , , , ,0, , , , , , , , , , , , , , , , , , , , , , , , , , , , , , , ,176, , ,,
CHRU euromed,3.8350137109333,767392.06,43.6425510750446,6282968.21, ,rue du caduce,0,34172,Montpellier, , , , ,0, , , , , , , , , , , , , , , , , , , , , , , , , , , , , , , ,177, , ,,
CHU Lapeyronie hall d'accueil,3.85207584346259,768783.94,43.6301375251917,6281603.39, ,Pont Lapeyronie,0,34172,Montpellier, , , , ,0, , , , , , , , , , , , , , , , , , , , , , , , , , , , , , , ,179, , ,,
CHRU lapeyronie,3.85081292585135,768680.6,43.6313022653456,6281731.73, ,avenue du doyen gaston giraud,0,34172,Montpellier, , , , ,0, , , , , , , , , , , , , , , , , , , , , , , , , , , , , , , ,178, , ,,
Ipl santé envirronement durable Méditerrranée,3.84083470538795,767859.28,43.6447155958689,6283213.74,778, rue de la croix verte,0,34172,Montpellier, , , , ,0, , , , , , , , , , , , , , , , , , , , , , , , , , , , , , , ,181, , ,,
Les Jardins de Grasse,3.83534242876355,767424.48,43.6375404973304,6282411.66,1482, rue de Saint-Priest,0,34172,Montpellier, , , , ,0, , , , , , , , , , , , , , , , , , , , , , , , , , , , , , , ,182, , ,,
Parcs Nationaux de France,3.87871734331072,770913.12,43.6474178462261,6283547.33,1037, rue Jean François Breton,0,34172,Montpellier, , , , ,0, , , , , , , , , , , , , , , , , , , , , , , , , , , , , , , ,183, , ,,
Cirad,3.86843080997092,770079.27,43.6504884332442,6283879.38, ,avenue agropolis,0,34172,Montpellier, , , , ,0, , , , , , , , , , , , , , , , , , , , , , , , , , , , , , , ,187, , ,,
Boulodrome Bernard Gasset,3.84329173229139,768114.46,43.5967806417754,6277888.73,122, avenue Maurice Planès,0,34172,Montpellier, , , , ,0, , , , , , , , , , , , , , , , , , , , , , , , , , , , , , , ,189, , ,,
IRC KLESIA AGIRC ARRCO,3.88335468668432,771335.08,43.6090204702181,6279284.36,26,allée Jules Milhau,34263,34172,Montpellier, , , , ,0,RDC Immeuble Le triangle, , ,7j/7,24h/24, ,334 67 58 56 46, , , ,En fonctionnement, , , , , , , , , , , , , , , , , , , , ,188,IRC KLESIA AGIRC ARRCO, ,,
GESTARE Foyer d'hebergement d'urgence OUSTAL,3.88173411450129,771205.4,43.6080668596732,6279176.92,14, rue alfred Bruyas,34000,34172,Montpellier,intérieur, , , ,0, , , , , , ,334 67 58 90 21, , , , , , , , , , , , , , , , , , , , , , , , ,193, , ,,
Maison des adolescents de l'hérault (MDA34),3.8781326569264,770917.19,43.6059489536478,6278938.31,9, rue de la république,34000,34172,Montpellier,intérieur, , , ,0, , , , , , ,334 67  92 99 19, , , , , , , , , , , , , , , , , , , , , , , , ,194, , ,,
Boulangerie Patisserie LES PAINS DE MILA,3.8526285382251,768878.91,43.5881764750795,6276940.61,482,avenue du Mondial de rugby,34070,34172,Montpellier,intérieur, , , ,0, , , , , , ,334 67 71 52 13, , , , , , , , , , , , , , , , , , , , , , , , ,195, , ,,
Extra SHOT (salon de thé),3.87914071648409,770991.28,43.6118620114604,6279596.35,44,rue de l'aiguillerie,34000,34172,Montpellier,intérieur, , , ,0, , , , , , ,337 68 20 18 69, , , , , , , , , , , , , , , , , , , , , , , , ,196, , ,,
Au pays du soleil Levant,3.87016772275376,770270.83,43.6085171469819,6279216.6,46,rue du Faubourg du Courreau,0,34172,Montpellier,intérieur, , , ,0, , , , , , ,336 13 72 06 10, , , , , , , , , , , , , , , , , , , , , , , , ,197, , ,,
Zoo de Lunaret,3.87319632529271,770476.1548,43.6404472080779,6282767.7393,50,avenue agropolis,34090,34172,Montpellier,intérieur,non,non,non,0,sac 2, , ,"mardi, mercredi, jeudi, vendredi, samedi, dimanche",Heures ouvrables, ,334 67 54 45 20, , ,2013-09-05,En fonctionnement, ,ZOLL, , ,AED PLUS,X13G616790, , ,2021-02-09,2023-09-09,2023-03-01,Tous les ans, ,2019-04-16,213401722,personne morale,334 67 34 70 00, ,mairie@ville-montpellier.fr,CORNIER,0,Mairie,non,,
Zoo de Lunaret,3.87346840734586,770497.5034,43.6409437259243,6282823.1604, ,avenue agropolis,34090,34172,Montpellier,intérieur,non,non,non,0,Réfectoire personnel, , ,"mardi, mercredi, jeudi, vendredi, samedi, dimanche",Heures ouvrables, ,334 67 54 45 20, , ,2013-09-05,En fonctionnement, ,ZOLL, , ,AED PLUS,X13G616857, , ,2020-10-01,2023-09-09,2022-12-01,Tous les ans, ,2019-05-14,213401722,personne morale,334 67 34 70 00, ,mairie@ville-montpellier.fr,CORNIER,0,Mairie,non,,
Gymnase Jean Bouin,3.82081921967322,766257.7753,43.6327880433471,6281871.2189,-,Avenue du Biterrois,34080,34172,Montpellier,interieur,non,non,non,0, , , ,"lundi, mardi, mercredi, jeudi, vendredi",Heures ouvrables, ,334 67 75 44 43, , ,2019-11-01,En fonctionnement, ,ZOLL, , ,AED PLUS,X19J212182, , ,2021-10-26,2024-11-03,2024-11-01,Tous les ans, ,2019-11-01,213401722,personne morale,334 67 34 70 00, ,mairie@ville-montpellier.fr, ,0,Mairie,non,,
Centre Culturel Rabelais,3.88032026773112,771087.9776,43.6106902122358,6279467.1862,29,boulevard Sarrail,34000,34172,Montpellier,intérieur,non,non,oui,0, , , ,"lundi, mardi, mercredi, jeudi, vendredi",Heures ouvrables, ,334 67 34 71 33, , ,2019-12-01,En fonctionnement, ,ZOLL, , ,AED PLUS,X19J215337, , ,2021-08-17,2024-12-28,2024-12-01,2019-12-01, ,Tous les ans,213401722,personne morale,334 67 34 70 00, ,mairie@ville-montpellier.fr, ,76,Mairie,non,,
 ,3.86982233698134,770237.7162,43.6127835439949,6279690.429,"1 place Jacques Mirouse, MONTPELLIER","1 place Jacques Mirouse, MONTPELLIER",34000,34172,Montpellier,intérieur,non,non,non,0, , , , , , , , , , , , , , , , , , , , , , , , , , , , , , , ,0, , ,,
Maison pour tous André Chamson,3.83522303051943,767448.0725,43.6092732449105,6279270.1539,105,rue Gustave Eiffel,34070,34172,Montpellier,intérieur,non,non,oui,0, , , ,"lundi, mardi, mercredi, jeudi, vendredi",Heures ouvrables, ,334 67 75 10 55, , ,2019-12-01,En fonctionnement, ,ZOLL, , ,AED PLUS,X19J215924, , ,2021-08-17,2024-12-28,2024-12-01,Tous les ans, ,2019-12-01,213401722,personne morale,334 67 34 70 00, ,mairie@ville-montpellier.fr, ,118,Mairie, ,,
